10.1101/2020.10.07.20208231,,30,30,,,,,,,19.65,http://dx.doi.org/10.1101/2020.10.07.20208231
10.1101/2020.10.08.20209650,,309,237,29,,,,,6,395.4,http://dx.doi.org/10.1101/2020.10.08.20209650
10.1101/2020.10.02.20204859,,5,5,,,,,,,2,http://dx.doi.org/10.1101/2020.10.02.20204859
10.1101/2020.10.05.20206953,,5,5,,,,,,,2.75,http://dx.doi.org/10.1101/2020.10.05.20206953
10.1101/2020.10.07.20208488,,34,32,1,,,,,,28.25,http://dx.doi.org/10.1101/2020.10.07.20208488
10.1101/2020.10.05.20201574,,22,13,8,,,,,,73.55,http://dx.doi.org/10.1101/2020.10.05.20201574
10.1101/2020.10.07.20208520,,9,8,1,,,,,,13.45,http://dx.doi.org/10.1101/2020.10.07.20208520
10.1101/2020.10.05.20203976,,5,5,,,,,,,2,http://dx.doi.org/10.1101/2020.10.05.20203976
10.1101/2020.10.08.20208546,,9,9,,,,,,,4.35,http://dx.doi.org/10.1101/2020.10.08.20208546
10.1101/2020.09.30.320762,bioRxiv,12,11,,,,,,,6.05,http://dx.doi.org/10.1101/2020.09.30.320762
10.1101/2020.09.26.314971,bioRxiv,21,20,,,1,,,,9.5,http://dx.doi.org/10.1101/2020.09.26.314971
10.1101/2020.10.02.323915,bioRxiv,71,68,1,,,,,,49.45,http://dx.doi.org/10.1101/2020.10.02.323915
10.1101/2020.09.30.320903,bioRxiv,36,26,3,,,,,,43.95,http://dx.doi.org/10.1101/2020.09.30.320903
10.1101/2020.10.04.325423,bioRxiv,33,28,,,,,,,14.3,http://dx.doi.org/10.1101/2020.10.04.325423
10.1101/2020.09.29.319731,bioRxiv,15,13,1,,,,,,13.85,http://dx.doi.org/10.1101/2020.09.29.319731
10.1101/2020.09.28.317206,bioRxiv,10,9,1,,,,,,11.25,http://dx.doi.org/10.1101/2020.09.28.317206
10.1101/2020.09.27.316018,bioRxiv,24,15,,,,,,,6.7,http://dx.doi.org/10.1101/2020.09.27.316018
10.1101/2020.09.28.317685,bioRxiv,404,353,2,,1,,,1,247.708,http://dx.doi.org/10.1101/2020.09.28.317685
10.1101/2020.10.02.324228,bioRxiv,59,44,4,,,,,1,63.78,http://dx.doi.org/10.1101/2020.10.02.324228
10.1101/2020.09.29.319566,bioRxiv,14,11,3,,,,,,31.5,http://dx.doi.org/10.1101/2020.09.29.319566
10.1101/2020.10.02.324145,bioRxiv,183,162,1,,,,,,101.85,http://dx.doi.org/10.1101/2020.10.02.324145
10.1101/2020.09.30.318972,bioRxiv,43,41,1,,,,,,30.7,http://dx.doi.org/10.1101/2020.09.30.318972
10.1101/2020.09.25.313601,bioRxiv,13,11,,,,,,1,12.68,http://dx.doi.org/10.1101/2020.09.25.313601
10.1101/2020.10.01.20205377,,10,8,,,,,,,4,http://dx.doi.org/10.1101/2020.10.01.20205377
10.1101/2020.09.30.20201830,,16,14,1,,,,,,18.55,http://dx.doi.org/10.1101/2020.09.30.20201830
10.1101/2020.09.30.20203315,,17,15,2,,,,,,30.65,http://dx.doi.org/10.1101/2020.09.30.20203315
10.1101/2020.09.30.20204529,,83,76,4,,,,,1,96.222,http://dx.doi.org/10.1101/2020.09.30.20204529
10.1101/2020.08.07.20169920,,482,412,34,,,,,2,556.502,http://dx.doi.org/10.1101/2020.08.07.20169920
10.1101/2020.09.22.20199125,,555,365,95,1,2,,,8,1051.222,http://dx.doi.org/10.1101/2020.09.22.20199125
10.1101/2020.09.26.20202457,,386,340,1,,,,,,250.85,http://dx.doi.org/10.1101/2020.09.26.20202457
10.1101/2020.09.29.20200469,,2,2,,,,,,,0.5,http://dx.doi.org/10.1101/2020.09.29.20200469
10.1101/2020.10.01.20205393,,6,6,,,,,,,3,http://dx.doi.org/10.1101/2020.10.01.20205393
10.1101/2020.09.30.20204230,,17,14,1,,,,,,17.9,http://dx.doi.org/10.1101/2020.09.30.20204230
10.1101/2020.09.24.312165,bioRxiv,23,22,,,,,,,10.4,http://dx.doi.org/10.1101/2020.09.24.312165
10.1101/2020.09.24.312553,bioRxiv,14,13,,,,,,,4.75,http://dx.doi.org/10.1101/2020.09.24.312553
10.1101/2020.09.17.301861,bioRxiv,17,16,1,,,,,,17.9,http://dx.doi.org/10.1101/2020.09.17.301861
10.1101/2020.09.21.306720,bioRxiv,7,6,1,,,,,,10.5,http://dx.doi.org/10.1101/2020.09.21.306720
10.1101/2020.09.15.298547,bioRxiv,103,83,7,,,,,1,113.73,http://dx.doi.org/10.1101/2020.09.15.298547
10.1101/2020.09.21.305698,bioRxiv,10,9,1,,,,,,11.25,http://dx.doi.org/10.1101/2020.09.21.305698
10.1101/2020.09.21.305441,bioRxiv,15,14,1,,,,,,15.35,http://dx.doi.org/10.1101/2020.09.21.305441
10.1101/2020.09.24.298851,bioRxiv,5,5,,,,,,,2,http://dx.doi.org/10.1101/2020.09.24.298851
10.1101/2020.09.24.311845,bioRxiv,31,23,3,,,,,,39.35,http://dx.doi.org/10.1101/2020.09.24.311845
10.1101/2020.09.16.300277,bioRxiv,22,19,1,,,,,,17.8,http://dx.doi.org/10.1101/2020.09.16.300277
10.1101/2020.07.17.207563,bioRxiv,11,8,,,,,,,2.75,http://dx.doi.org/10.1101/2020.07.17.207563
10.1101/2020.09.18.302901,bioRxiv,18,16,1,,,,,,17,http://dx.doi.org/10.1101/2020.09.18.302901
10.1101/2020.09.13.295493,bioRxiv,22,21,,,,,,,10.45,http://dx.doi.org/10.1101/2020.09.13.295493
10.1101/2020.09.14.296715,bioRxiv,19,14,1,,,,,,16.6,http://dx.doi.org/10.1101/2020.09.14.296715
10.1101/2020.09.22.308965,bioRxiv,171,146,1,,,,,2,116.416,http://dx.doi.org/10.1101/2020.09.22.308965
10.1101/2020.09.16.300459,bioRxiv,56,51,1,,,,,1,44.23,http://dx.doi.org/10.1101/2020.09.16.300459
10.1101/2020.09.25.314070,bioRxiv,16,15,,,,,,,5.1,http://dx.doi.org/10.1101/2020.09.25.314070
10.1101/2020.09.23.310565,bioRxiv,71,54,2,,,,,1,53.08,http://dx.doi.org/10.1101/2020.09.23.310565
10.1101/2020.09.17.302232,bioRxiv,59,38,1,,1,,,1,34.796,http://dx.doi.org/10.1101/2020.09.17.302232
10.1101/2020.09.21.306837,bioRxiv,82,75,1,,,,,,52.05,http://dx.doi.org/10.1101/2020.09.21.306837
10.1101/2020.09.24.312769,bioRxiv,6,6,,,,,,,2.25,http://dx.doi.org/10.1101/2020.09.24.312769
10.1101/2020.09.24.312298,bioRxiv,114,86,1,,,,,,56.7,http://dx.doi.org/10.1101/2020.09.24.312298
10.1101/2020.09.15.299164,bioRxiv,8,5,1,,,,,,12,http://dx.doi.org/10.1101/2020.09.15.299164
10.1101/2020.09.16.300970,bioRxiv,101,91,,,,,,1,54.08,http://dx.doi.org/10.1101/2020.09.16.300970
10.1101/2020.09.20.300574,bioRxiv,53,47,1,,,,,,39.45,http://dx.doi.org/10.1101/2020.09.20.300574
10.1101/2020.09.15.298067,bioRxiv,48,43,3,,,,,1,53.846,http://dx.doi.org/10.1101/2020.09.15.298067
10.1101/2020.09.14.295824,bioRxiv,42,34,1,,,,,,28.25,http://dx.doi.org/10.1101/2020.09.14.295824
10.1101/2020.09.13.295691,bioRxiv,105,91,,,,,,,56.65,http://dx.doi.org/10.1101/2020.09.13.295691
10.1101/2020.09.21.300913,bioRxiv,35,33,1,,,,,,25.15,http://dx.doi.org/10.1101/2020.09.21.300913
10.1101/2020.09.22.308783,bioRxiv,39,12,22,,,,,1,187.78,http://dx.doi.org/10.1101/2020.09.22.308783
10.1101/2020.09.16.297366,bioRxiv,65,59,1,,,,,,47.95,http://dx.doi.org/10.1101/2020.09.16.297366
10.1101/2020.09.18.301952,bioRxiv,10,9,,,,,,1,10.18,http://dx.doi.org/10.1101/2020.09.18.301952
10.1101/2020.09.24.20200238,,4,4,,,,,,,2.5,http://dx.doi.org/10.1101/2020.09.24.20200238
10.1101/2020.09.22.20199802,,21,21,,,,,,,12.45,http://dx.doi.org/10.1101/2020.09.22.20199802
10.1101/2020.09.24.20200196,,2,2,,,,,,,1.25,http://dx.doi.org/10.1101/2020.09.24.20200196
10.1101/2020.09.20.20198531,,3,3,,,,,,,1.75,http://dx.doi.org/10.1101/2020.09.20.20198531
10.1101/2020.09.22.20199505,,2,2,,,,,,,1.25,http://dx.doi.org/10.1101/2020.09.22.20199505
10.1101/2020.09.22.20199174,,10,9,1,,,,,,14.55,http://dx.doi.org/10.1101/2020.09.22.20199174
10.1101/2020.09.23.20200410,,5,5,,,,,,,2.35,http://dx.doi.org/10.1101/2020.09.23.20200410
10.1101/2020.09.17.20185090,,1,1,,,,,,,0.25,http://dx.doi.org/10.1101/2020.09.17.20185090
10.1101/2020.09.12.20193391,,6,5,,,,,,,3.35,http://dx.doi.org/10.1101/2020.09.12.20193391
10.1101/2020.09.15.20195453,,2,2,,,,,,,0.75,http://dx.doi.org/10.1101/2020.09.15.20195453
10.1101/2020.09.10.20190017,,21,17,,,,,,,13.3,http://dx.doi.org/10.1101/2020.09.10.20190017
10.1101/2020.09.15.20195511,,61,49,,,,,,,28.35,http://dx.doi.org/10.1101/2020.09.15.20195511
10.1101/2020.09.16.20190694,,11,8,,,,,,,6.1,http://dx.doi.org/10.1101/2020.09.16.20190694
10.1101/2020.09.14.20194670,,16,13,,,,,,,5.1,http://dx.doi.org/10.1101/2020.09.14.20194670
10.1101/2020.09.15.20195180,,2,2,,,,,,,1.25,http://dx.doi.org/10.1101/2020.09.15.20195180
10.1101/2020.09.22.20192443,,630,569,19,,,,,1,516.13,http://dx.doi.org/10.1101/2020.09.22.20192443
10.1101/2020.09.24.20201228,,50,19,,,,,,,10.4,http://dx.doi.org/10.1101/2020.09.24.20201228
10.1101/2020.09.25.20201863,,42,22,15,,,,,1,142.53,http://dx.doi.org/10.1101/2020.09.25.20201863
10.1101/2020.09.21.20196725,,14,13,,,,,,,7.3,http://dx.doi.org/10.1101/2020.09.21.20196725
10.1101/2020.09.25.20201582,,1,1,,,,,,,1,http://dx.doi.org/10.1101/2020.09.25.20201582
10.1101/2020.09.13.20193565,,193,175,,,,,,,113.7,http://dx.doi.org/10.1101/2020.09.13.20193565
10.1101/2020.09.18.20197327,,2950,2268,17,,1,,,1,1083.33,http://dx.doi.org/10.1101/2020.09.18.20197327
10.1101/2020.09.19.20197921,,8,6,1,,,,,,13.85,http://dx.doi.org/10.1101/2020.09.19.20197921
10.1101/2020.09.21.20196220,,2,2,,,,,,,0.5,http://dx.doi.org/10.1101/2020.09.21.20196220
10.1101/2020.09.15.20195339,,1,1,,,,,,,0.25,http://dx.doi.org/10.1101/2020.09.15.20195339
10.1101/2020.09.15.20195099,,6,6,,,,,,,3.95,http://dx.doi.org/10.1101/2020.09.15.20195099
10.1101/2020.08.25.20182105,,26,19,,,,,,,12.2,http://dx.doi.org/10.1101/2020.08.25.20182105
10.1101/2020.09.16.20195552,,10,10,,,,,,,5.6,http://dx.doi.org/10.1101/2020.09.16.20195552
10.1101/2020.07.12.20148387,,99,89,6,,,,,1,123.262,http://dx.doi.org/10.1101/2020.07.12.20148387
10.1101/2020.09.16.20196071,,35,28,,,,,,,20.15,http://dx.doi.org/10.1101/2020.09.16.20196071
10.1101/2020.09.16.20196154,,5,5,,,,,,,2.75,http://dx.doi.org/10.1101/2020.09.16.20196154
10.1101/2020.09.15.20195263,,2,2,,,,,,,1.25,http://dx.doi.org/10.1101/2020.09.15.20195263
10.1101/2020.09.13.276923,bioRxiv,99,82,,,,,,,56.55,http://dx.doi.org/10.1101/2020.09.13.276923
10.1101/2020.09.10.292078,bioRxiv,576,525,4,,,,,,298.55,http://dx.doi.org/10.1101/2020.09.10.292078
10.1101/2020.09.08.272328,bioRxiv,12,6,1,,,,,,8.1,http://dx.doi.org/10.1101/2020.09.08.272328
10.1101/2020.09.09.196220,bioRxiv,30,18,1,,,,,,16.5,http://dx.doi.org/10.1101/2020.09.09.196220
10.1101/2020.09.10.286948,bioRxiv,44,39,1,,,,,,31.7,http://dx.doi.org/10.1101/2020.09.10.286948
10.1101/2020.08.25.265561,bioRxiv,3496,3080,25,,6,,,3,1967.56,http://dx.doi.org/10.1101/2020.08.25.265561
10.1101/2020.09.11.281782,bioRxiv,10,8,,,,,,,2.25,http://dx.doi.org/10.1101/2020.09.11.281782
10.1101/2020.09.08.287482,bioRxiv,27,9,14,,,,,1,124.58,http://dx.doi.org/10.1101/2020.09.08.287482
10.1101/2020.06.25.169946,bioRxiv,2383,1966,70,,4,,,4,1973.79,http://dx.doi.org/10.1101/2020.06.25.169946
10.1101/2020.09.07.286344,bioRxiv,13,9,1,,,,,,13.6,http://dx.doi.org/10.1101/2020.09.07.286344
10.1101/2020.09.11.293449,bioRxiv,37,25,,,,,,,12.35,http://dx.doi.org/10.1101/2020.09.11.293449
10.1101/2020.09.12.293498,bioRxiv,63,48,9,,,,,,86.5,http://dx.doi.org/10.1101/2020.09.12.293498
10.1101/2020.09.11.293464,bioRxiv,198,178,1,,,,,,118.5,http://dx.doi.org/10.1101/2020.09.11.293464
10.1101/2020.09.12.294066,bioRxiv,47,40,1,,1,,,,28.45,http://dx.doi.org/10.1101/2020.09.12.294066
10.1101/2020.09.11.291716,bioRxiv,101,81,,,,,,,51.3,http://dx.doi.org/10.1101/2020.09.11.291716
10.1101/2020.09.09.288555,bioRxiv,111,94,3,,,,,,75.25,http://dx.doi.org/10.1101/2020.09.09.288555
10.1101/2020.09.11.20192773,,28,24,,,,,,,14.35,http://dx.doi.org/10.1101/2020.09.11.20192773
10.1101/2020.09.07.20188813,,36,28,1,,,,,,25.3,http://dx.doi.org/10.1101/2020.09.07.20188813
10.1101/2020.09.06.20189159,,44,40,1,,,,,,32.2,http://dx.doi.org/10.1101/2020.09.06.20189159
10.1101/2020.05.15.20103531,,322,300,5,,,,,,214.3,http://dx.doi.org/10.1101/2020.05.15.20103531
10.1101/2020.09.10.20192187,,15,13,,,,,,,7.5,http://dx.doi.org/10.1101/2020.09.10.20192187
10.1101/2020.09.08.20189092,,31,28,,,,,,,16.6,http://dx.doi.org/10.1101/2020.09.08.20189092
10.1101/2020.09.09.20191643,,7,6,,,,,,,3,http://dx.doi.org/10.1101/2020.09.09.20191643
10.1101/2020.09.11.20191692,,41,37,,,,,,,22.6,http://dx.doi.org/10.1101/2020.09.11.20191692
10.1101/2020.09.10.20186064,,31,26,1,,,,,,23.55,http://dx.doi.org/10.1101/2020.09.10.20186064
10.1101/2020.09.07.20187666,,71,46,14,,,,,1,151.93,http://dx.doi.org/10.1101/2020.09.07.20187666
10.1101/2020.09.09.20178764,,10,8,1,,,,,,10.5,http://dx.doi.org/10.1101/2020.09.09.20178764
10.1101/2020.09.07.20190165,,6,6,,,,,,,2.5,http://dx.doi.org/10.1101/2020.09.07.20190165
10.1101/2020.09.11.20190520,,6,5,,,,,,,2.25,http://dx.doi.org/10.1101/2020.09.11.20190520
10.1101/2020.09.04.282806,bioRxiv,6,5,,,,,,,2,http://dx.doi.org/10.1101/2020.09.04.282806
10.1101/2020.09.01.278689,bioRxiv,130,109,5,,,,,,109.65,http://dx.doi.org/10.1101/2020.09.01.278689
10.1101/2020.09.04.283077,bioRxiv,111,105,,,1,,,,56.9,http://dx.doi.org/10.1101/2020.09.04.283077
10.1101/2020.09.01.277954,bioRxiv,19,13,1,,,,,,16.55,http://dx.doi.org/10.1101/2020.09.01.277954
10.1101/2020.09.01.278366,bioRxiv,11,9,,,,,,,2.5,http://dx.doi.org/10.1101/2020.09.01.278366
10.1101/2020.09.03.280370,bioRxiv,27,24,,,,,,1,18.78,http://dx.doi.org/10.1101/2020.09.03.280370
10.1101/2020.02.08.939553,bioRxiv,26,14,1,,,,,,17.85,http://dx.doi.org/10.1101/2020.02.08.939553
10.1101/2020.09.02.280180,bioRxiv,18,16,,,,,,,8.05,http://dx.doi.org/10.1101/2020.09.02.280180
10.1101/2020.09.04.280081,bioRxiv,28,24,,,,,,,14.35,http://dx.doi.org/10.1101/2020.09.04.280081
10.1101/2020.08.31.274639,bioRxiv,151,115,12,,,,,1,163.354,http://dx.doi.org/10.1101/2020.08.31.274639
10.1101/2020.08.26.20157297,,5,4,,,,,,,2,http://dx.doi.org/10.1101/2020.08.26.20157297
10.1101/2020.09.01.20185850,,24,18,4,,,,,,42.85,http://dx.doi.org/10.1101/2020.09.01.20185850
10.1101/2020.08.24.20180752,,20,16,2,,,,,1,32.93,http://dx.doi.org/10.1101/2020.08.24.20180752
10.1101/2020.08.04.20167874,,472,393,,,2,,,1,243.446,http://dx.doi.org/10.1101/2020.08.04.20167874
10.1101/2020.08.29.20182899,,65,49,1,,,,,,40.8,http://dx.doi.org/10.1101/2020.08.29.20182899
10.1101/2020.09.02.20183830,,118,107,1,,,,,,75.85,http://dx.doi.org/10.1101/2020.09.02.20183830
10.1101/2020.09.03.20183947,,51,44,1,,,,,,33.4,http://dx.doi.org/10.1101/2020.09.03.20183947
10.1101/2020.08.27.20182808,,18,13,,,,,,,9.9,http://dx.doi.org/10.1101/2020.08.27.20182808
10.1101/2020.08.31.20184036,,773,599,13,,1,,,1,567.53,http://dx.doi.org/10.1101/2020.08.31.20184036
10.1101/2020.09.04.20187088,,8,6,,,,,,,4.2,http://dx.doi.org/10.1101/2020.09.04.20187088
10.1101/2020.08.31.20185140,,40,37,1,,,,,,34.5,http://dx.doi.org/10.1101/2020.08.31.20185140
10.1101/2020.09.01.20186445,,1,1,,,,,,,0.25,http://dx.doi.org/10.1101/2020.09.01.20186445
10.1101/2020.08.29.20184366,,3,3,,,,,,,0.75,http://dx.doi.org/10.1101/2020.08.29.20184366
10.1101/2020.08.18.20166835,,768,663,6,,,,,,534.15,http://dx.doi.org/10.1101/2020.08.18.20166835
10.1101/2020.09.03.20187062,,30,20,7,,,,,,61.85,http://dx.doi.org/10.1101/2020.09.03.20187062
10.1101/2020.08.31.20184788,,28,23,,,,,,,12.1,http://dx.doi.org/10.1101/2020.08.31.20184788
10.1101/2020.08.27.20183228,,7,4,,,,,,,3.25,http://dx.doi.org/10.1101/2020.08.27.20183228
10.1101/2020.09.02.20185983,,7,6,1,,,,,,10.8,http://dx.doi.org/10.1101/2020.09.02.20185983
10.1101/2020.08.26.20182709,,62,60,,,,,,,35.15,http://dx.doi.org/10.1101/2020.08.26.20182709
10.1101/2020.08.30.20177543,,50,42,1,,,,,,38.45,http://dx.doi.org/10.1101/2020.08.30.20177543
10.1101/2020.08.26.20182766,,5,3,,,,,,,1.5,http://dx.doi.org/10.1101/2020.08.26.20182766
10.1101/2020.08.31.20169946,,55,28,17,,,,,2,166.41,http://dx.doi.org/10.1101/2020.08.31.20169946
10.1101/2020.08.29.20184358,,61,51,1,,,,,,38.6,http://dx.doi.org/10.1101/2020.08.29.20184358
10.1101/2020.09.01.20184101,,51,33,,,,,,,22.9,http://dx.doi.org/10.1101/2020.09.01.20184101
10.1101/2020.09.02.20187179,,11,9,1,,,,,,14.1,http://dx.doi.org/10.1101/2020.09.02.20187179
10.1101/2020.09.01.20185884,,4,3,,,,,,,2.25,http://dx.doi.org/10.1101/2020.09.01.20185884
10.1101/2020.09.02.20186023,,26,5,14,,,,,1,120.83,http://dx.doi.org/10.1101/2020.09.02.20186023
10.1101/2020.09.04.20187724,,29,14,2,,,,,1,28.604,http://dx.doi.org/10.1101/2020.09.04.20187724
10.1101/2020.08.26.20181644,,21,19,,,,,,,13.7,http://dx.doi.org/10.1101/2020.08.26.20181644
10.1101/2020.09.01.20183897,,422,372,,,,,,,228.25,http://dx.doi.org/10.1101/2020.09.01.20183897
10.1101/2020.08.30.20183889,,8,6,,,,,,,3.75,http://dx.doi.org/10.1101/2020.08.30.20183889
10.1101/2020.08.26.269159,bioRxiv,12,9,1,,,,,,11.85,http://dx.doi.org/10.1101/2020.08.26.269159
10.1101/2020.08.28.272518,bioRxiv,166,121,1,,,,,,87,http://dx.doi.org/10.1101/2020.08.28.272518
10.1101/2020.06.16.155101,bioRxiv,313,291,2,,,,,,187.35,http://dx.doi.org/10.1101/2020.06.16.155101
10.1101/2020.08.27.271130,bioRxiv,11,10,,,,,,,3.1,http://dx.doi.org/10.1101/2020.08.27.271130
10.1101/2020.08.22.262931,bioRxiv,22,21,,,,,,,12.15,http://dx.doi.org/10.1101/2020.08.22.262931
10.1101/2020.08.26.268854,bioRxiv,189,129,4,,,,,,107.95,http://dx.doi.org/10.1101/2020.08.26.268854
10.1101/2020.08.29.272864,bioRxiv,28,23,,,,,,,17.3,http://dx.doi.org/10.1101/2020.08.29.272864
10.1101/2020.08.28.271965,bioRxiv,13,9,,,,,,,3,http://dx.doi.org/10.1101/2020.08.28.271965
10.1101/2020.08.24.264333,bioRxiv,26,21,,,,,,1,21.18,http://dx.doi.org/10.1101/2020.08.24.264333
10.1101/2020.08.26.269183,bioRxiv,13,11,1,,,,,,12.5,http://dx.doi.org/10.1101/2020.08.26.269183
10.1101/2020.08.27.270819,bioRxiv,27,23,,,,,,,12.45,http://dx.doi.org/10.1101/2020.08.27.270819
10.1101/2020.08.25.267625,bioRxiv,6,4,,,,,,,1,http://dx.doi.org/10.1101/2020.08.25.267625
10.1101/2020.08.28.272880,bioRxiv,72,53,15,,,,,,136.5,http://dx.doi.org/10.1101/2020.08.28.272880
10.1101/2020.08.27.270637,bioRxiv,44,37,1,,,,,,29.1,http://dx.doi.org/10.1101/2020.08.27.270637
10.1101/2020.08.30.273920,bioRxiv,145,134,,,,,,,82.25,http://dx.doi.org/10.1101/2020.08.30.273920
10.1101/2020.08.26.267831,bioRxiv,11,8,,,,,,,2,http://dx.doi.org/10.1101/2020.08.26.267831
10.1101/2020.07.17.209288,bioRxiv,191,91,28,,,,,3,295.41,http://dx.doi.org/10.1101/2020.07.17.209288
10.1101/2020.08.28.271957,bioRxiv,104,100,1,,,,,,72.65,http://dx.doi.org/10.1101/2020.08.28.271957
10.1101/2020.08.23.20180349,,12,4,2,,,,,1,25.83,http://dx.doi.org/10.1101/2020.08.23.20180349
10.1101/2020.08.24.20181123,,17,14,,,,,,,7.8,http://dx.doi.org/10.1101/2020.08.24.20181123
10.1101/2020.08.23.20078964,,188,162,1,,,,,,134.5,http://dx.doi.org/10.1101/2020.08.23.20078964
10.1101/2020.08.24.20181271,,25,20,,,,,,1,19.442,http://dx.doi.org/10.1101/2020.08.24.20181271
10.1101/2020.08.21.20178863,,21,9,,,,,,,6.25,http://dx.doi.org/10.1101/2020.08.21.20178863
10.1101/2020.08.23.20177501,,33,15,1,,1,,,1,23.28,http://dx.doi.org/10.1101/2020.08.23.20177501
10.1101/2020.05.04.20090555,,20,8,,,,,,,5.1,http://dx.doi.org/10.1101/2020.05.04.20090555
10.1101/2020.08.21.20179473,,215,198,3,,,,,1,161.93,http://dx.doi.org/10.1101/2020.08.21.20179473
10.1101/2020.08.23.20178236,,836,608,134,,,,,6,1534.342,http://dx.doi.org/10.1101/2020.08.23.20178236
10.1101/2020.05.23.20111419,,80,66,,,,,,1,49.05,http://dx.doi.org/10.1101/2020.05.23.20111419
10.1101/2020.08.16.253013,bioRxiv,7,6,,,1,,,,3.6,http://dx.doi.org/10.1101/2020.08.16.253013
10.1101/2020.08.17.254839,bioRxiv,27,25,,,,,,,13.85,http://dx.doi.org/10.1101/2020.08.17.254839
10.1101/2020.08.20.258087,bioRxiv,16,14,,,,,,,8.95,http://dx.doi.org/10.1101/2020.08.20.258087
10.1101/2020.08.19.251249,bioRxiv,15,12,,,,,,,4.7,http://dx.doi.org/10.1101/2020.08.19.251249
10.1101/2020.08.18.256776,bioRxiv,37,27,1,,1,,,,21.8,http://dx.doi.org/10.1101/2020.08.18.256776
10.1101/2020.08.17.238444,bioRxiv,185,153,1,,1,,,1,107.48,http://dx.doi.org/10.1101/2020.08.17.238444
10.1101/2020.07.10.197988,bioRxiv,23,11,1,,,,,,13.85,http://dx.doi.org/10.1101/2020.07.10.197988
10.1101/2020.08.20.258129,bioRxiv,14,9,,,,,,,4.85,http://dx.doi.org/10.1101/2020.08.20.258129
10.1101/2020.08.19.255901,bioRxiv,21,20,,,,,,,10.85,http://dx.doi.org/10.1101/2020.08.19.255901
10.1101/2020.08.18.255877,bioRxiv,14,11,,,,,,,5.95,http://dx.doi.org/10.1101/2020.08.18.255877
10.1101/2020.08.17.20176925,,14,10,,,,,,,7.4,http://dx.doi.org/10.1101/2020.08.17.20176925
10.1101/2020.08.15.20175794,,30,27,1,,,,,,25.35,http://dx.doi.org/10.1101/2020.08.15.20175794
10.1101/2020.08.17.20177006,,4,3,,,,,,,1.75,http://dx.doi.org/10.1101/2020.08.17.20177006
10.1101/2020.08.17.20161760,,37,26,7,,1,,,1,79.98,http://dx.doi.org/10.1101/2020.08.17.20161760
10.1101/2020.08.17.20177022,,7,3,4,,,,,,29.25,http://dx.doi.org/10.1101/2020.08.17.20177022
10.1101/2020.08.17.20176651,,705,570,80,,,,,5,1034.224,http://dx.doi.org/10.1101/2020.08.17.20176651
10.1101/2020.08.17.20176552,,28,25,,,,,,1,21.88,http://dx.doi.org/10.1101/2020.08.17.20176552
10.1101/2020.08.15.20175786,,12,11,,,,,,,7.8,http://dx.doi.org/10.1101/2020.08.15.20175786
10.1101/2020.08.18.20177071,,6,2,4,,,,,,28.5,http://dx.doi.org/10.1101/2020.08.18.20177071
10.1101/2020.08.12.246389,bioRxiv,18,16,,,,,,,9.8,http://dx.doi.org/10.1101/2020.08.12.246389
10.1101/2020.08.15.252320,bioRxiv,44,38,,,,,,,19.8,http://dx.doi.org/10.1101/2020.08.15.252320
10.1101/2020.08.14.250480,bioRxiv,7,5,,,,,,,3.35,http://dx.doi.org/10.1101/2020.08.14.250480
10.1101/2020.08.09.243246,bioRxiv,21,13,1,,,,,,14.1,http://dx.doi.org/10.1101/2020.08.09.243246
10.1101/2020.08.10.244756,bioRxiv,16,11,,,,,,,4.5,http://dx.doi.org/10.1101/2020.08.10.244756
10.1101/2020.08.13.249649,bioRxiv,11,9,,,,,,,3.25,http://dx.doi.org/10.1101/2020.08.13.249649
10.1101/2020.08.11.245696,bioRxiv,19,17,,,,,,,8.6,http://dx.doi.org/10.1101/2020.08.11.245696
10.1101/2020.08.11.247320,bioRxiv,24,19,1,,,,,,18.2,http://dx.doi.org/10.1101/2020.08.11.247320
10.1101/2020.08.08.238469,bioRxiv,1142,992,51,2,1,,,8,1151.876,http://dx.doi.org/10.1101/2020.08.08.238469
10.1101/2020.08.14.251207,bioRxiv,48,42,,,,,,,26.95,http://dx.doi.org/10.1101/2020.08.14.251207
10.1101/2020.08.14.251496,bioRxiv,14,12,,,,,,,5.5,http://dx.doi.org/10.1101/2020.08.14.251496
10.1101/2020.08.08.242511,bioRxiv,29,25,,,,,,,17.3,http://dx.doi.org/10.1101/2020.08.08.242511
10.1101/2020.08.15.252395,bioRxiv,19,13,1,,,,,1,20.302,http://dx.doi.org/10.1101/2020.08.15.252395
10.1101/2020.08.13.250076,bioRxiv,14,12,,,,,,,6.7,http://dx.doi.org/10.1101/2020.08.13.250076
10.1101/2020.08.11.247395,bioRxiv,150,114,9,,,,,1,145.3,http://dx.doi.org/10.1101/2020.08.11.247395
10.1101/2020.08.14.248880,bioRxiv,133,114,,,,,,,63.7,http://dx.doi.org/10.1101/2020.08.14.248880
10.1101/2020.08.07.242073,bioRxiv,12,9,1,,,,,,12.1,http://dx.doi.org/10.1101/2020.08.07.242073
10.1101/2020.08.07.242271,bioRxiv,29,26,,,,,,,15.2,http://dx.doi.org/10.1101/2020.08.07.242271
10.1101/2020.08.12.248823,bioRxiv,43,36,1,,,,,,27.35,http://dx.doi.org/10.1101/2020.08.12.248823
10.1101/2020.08.11.245100,bioRxiv,29,16,,,,,,,9.45,http://dx.doi.org/10.1101/2020.08.11.245100
10.1101/2020.08.13.250217,bioRxiv,25,19,,,,,,,11.5,http://dx.doi.org/10.1101/2020.08.13.250217
10.1101/2020.08.10.20172189,,338,298,1,,,,,1,191.45,http://dx.doi.org/10.1101/2020.08.10.20172189
10.1101/2020.08.12.20173674,,10,10,,,,,,,7.9,http://dx.doi.org/10.1101/2020.08.12.20173674
10.1101/2020.08.09.20171264,,5,5,,,,,,,2.5,http://dx.doi.org/10.1101/2020.08.09.20171264
10.1101/2020.08.13.20174565,,13,10,,,,,,,7.55,http://dx.doi.org/10.1101/2020.08.13.20174565
10.1101/2020.08.11.20172809,,2,2,,,,,,,0.75,http://dx.doi.org/10.1101/2020.08.11.20172809
10.1101/2020.08.12.20169359,,3667,2757,263,1,5,,,26,3937.49,http://dx.doi.org/10.1101/2020.08.12.20169359
10.1101/2020.08.10.20171421,,23,19,1,,,,,,21.85,http://dx.doi.org/10.1101/2020.08.10.20171421
10.1101/2020.08.11.20172742,,34,24,6,,,,,1,66.572,http://dx.doi.org/10.1101/2020.08.11.20172742
10.1101/2020.08.04.20163782,,28,21,,,,,,,14.9,http://dx.doi.org/10.1101/2020.08.04.20163782
10.1101/2020.08.11.20171967,,7,6,,,,,,,4.35,http://dx.doi.org/10.1101/2020.08.11.20171967
10.1101/2020.08.06.20169581,,18,17,,,,,,,13.4,http://dx.doi.org/10.1101/2020.08.06.20169581
10.1101/2020.08.13.20174136,,81,55,4,,,,,,68.25,http://dx.doi.org/10.1101/2020.08.13.20174136
10.1101/2020.08.13.20157222,,154,121,,,,,,,86.75,http://dx.doi.org/10.1101/2020.08.13.20157222
10.1101/2020.08.12.20173849,,9,9,,,,,,,4.7,http://dx.doi.org/10.1101/2020.08.12.20173849
10.1101/2020.08.07.20170456,,20,18,,,,,,,14.95,http://dx.doi.org/10.1101/2020.08.07.20170456
10.1101/2020.08.14.20174961,,6,5,,,,,,,3.5,http://dx.doi.org/10.1101/2020.08.14.20174961
10.1101/2020.08.13.20147595,,9,5,,,,,,,4.1,http://dx.doi.org/10.1101/2020.08.13.20147595
10.1101/2020.08.13.20173161,,5586,5001,61,,2,,,9,2664.598,http://dx.doi.org/10.1101/2020.08.13.20173161
10.1101/2020.08.11.20172676,,13,10,1,,,,,,14.95,http://dx.doi.org/10.1101/2020.08.11.20172676
10.1101/2020.08.07.20170258,,17,13,,,,,,,7,http://dx.doi.org/10.1101/2020.08.07.20170258
10.1101/2020.08.09.20171132,,87,81,,,,,,,57.95,http://dx.doi.org/10.1101/2020.08.09.20171132
10.1101/2020.04.07.20053439,,10,7,1,,,,,,13.6,http://dx.doi.org/10.1101/2020.04.07.20053439
10.1101/2020.08.12.20173831,,44,34,,,,,,,26.75,http://dx.doi.org/10.1101/2020.08.12.20173831
10.1101/2020.08.14.20174490,,337,242,41,,,,,5,532.362,http://dx.doi.org/10.1101/2020.08.14.20174490
10.1101/2020.08.07.20170498,,4,4,,,,,,,2.25,http://dx.doi.org/10.1101/2020.08.07.20170498
10.1101/2020.08.10.20169649,,8,8,,,,,,,3.5,http://dx.doi.org/10.1101/2020.08.10.20169649
10.1101/2020.08.14.20175257,,78,60,10,,,,,3,141.03,http://dx.doi.org/10.1101/2020.08.14.20175257
10.1101/2020.08.11.20171108,,19,16,,,,,,,8.35,http://dx.doi.org/10.1101/2020.08.11.20171108
10.1101/2020.08.10.20171637,,56,38,,,,,,,21.4,http://dx.doi.org/10.1101/2020.08.10.20171637
10.1101/2020.08.11.20171843,,1366,1092,91,1,3,,,7,1561.512,http://dx.doi.org/10.1101/2020.08.11.20171843
10.1101/2020.06.13.20130658,,14,14,,,,,,,8.15,http://dx.doi.org/10.1101/2020.06.13.20130658
10.1101/2020.08.10.20171728,,22,13,5,,,,,,49.05,http://dx.doi.org/10.1101/2020.08.10.20171728
10.1101/2020.08.11.244863,bioRxiv,13,10,,,,,,,5.2,http://dx.doi.org/10.1101/2020.08.11.244863
10.1101/2020.07.17.207019,bioRxiv,22,13,,,,,,,7.1,http://dx.doi.org/10.1101/2020.07.17.207019
10.1101/2020.08.11.246314,bioRxiv,14,13,,,,,,,8.55,http://dx.doi.org/10.1101/2020.08.11.246314
10.1101/2020.08.11.246678,bioRxiv,49,44,,,,,,,26.1,http://dx.doi.org/10.1101/2020.08.11.246678
10.1101/2020.08.10.242206,bioRxiv,32,22,2,,,,,1,38.2,http://dx.doi.org/10.1101/2020.08.10.242206
10.1101/2020.08.05.237651,bioRxiv,79,62,2,,,,,,46.15,http://dx.doi.org/10.1101/2020.08.05.237651
10.1101/2020.08.03.231340,bioRxiv,59,47,1,,,,,,37.9,http://dx.doi.org/10.1101/2020.08.03.231340
10.1101/2020.08.07.241877,bioRxiv,15,13,,,,,,,7.85,http://dx.doi.org/10.1101/2020.08.07.241877
10.1101/2020.08.03.234005,bioRxiv,14,12,,,,,,,7.55,http://dx.doi.org/10.1101/2020.08.03.234005
10.1101/2020.08.03.234914,bioRxiv,145,135,1,,1,,,,96.85,http://dx.doi.org/10.1101/2020.08.03.234914
10.1101/2020.08.05.238394,bioRxiv,26,17,2,,,,,,25,http://dx.doi.org/10.1101/2020.08.05.238394
10.1101/2020.08.06.239798,bioRxiv,33,25,,,,,,,12.2,http://dx.doi.org/10.1101/2020.08.06.239798
10.1101/2020.08.06.240333,bioRxiv,11,8,,,,,,,4.1,http://dx.doi.org/10.1101/2020.08.06.240333
10.1101/2020.08.03.235291,bioRxiv,11,10,,,,,,,3.35,http://dx.doi.org/10.1101/2020.08.03.235291
10.1101/2020.08.07.241810,bioRxiv,162,127,6,,,,,2,144.588,http://dx.doi.org/10.1101/2020.08.07.241810
10.1101/2020.08.02.230839,bioRxiv,167,101,,,1,,,,74.75,http://dx.doi.org/10.1101/2020.08.02.230839
10.1101/2020.08.02.233536,bioRxiv,22,15,1,,,,,,16.8,http://dx.doi.org/10.1101/2020.08.02.233536
10.1101/2020.08.05.238360,bioRxiv,37,33,,,,,,,18.4,http://dx.doi.org/10.1101/2020.08.05.238360
10.1101/2020.08.06.234674,bioRxiv,61,44,10,,,,,1,103.112,http://dx.doi.org/10.1101/2020.08.06.234674
10.1101/2020.08.03.235242,bioRxiv,9,7,,,,,,,3.85,http://dx.doi.org/10.1101/2020.08.03.235242
10.1101/2020.08.05.20168476,,9,5,,,,,,,3,http://dx.doi.org/10.1101/2020.08.05.20168476
10.1101/2020.08.02.20166819,,21,17,,,,,,,11.5,http://dx.doi.org/10.1101/2020.08.02.20166819
10.1101/2020.07.23.20160317,,89,68,3,,,,,1,76.78,http://dx.doi.org/10.1101/2020.07.23.20160317
10.1101/2020.08.05.20169128,,90,53,1,,,,,2,55.508,http://dx.doi.org/10.1101/2020.08.05.20169128
10.1101/2020.07.29.20164525,,1,1,,,,,,,0.25,http://dx.doi.org/10.1101/2020.07.29.20164525
10.1101/2020.08.03.20165233,,689,608,26,,,,,4,659.51,http://dx.doi.org/10.1101/2020.08.03.20165233
10.1101/2020.06.29.20141564,,17,17,,,,,,,9.6,http://dx.doi.org/10.1101/2020.06.29.20141564
10.1101/2020.06.16.20133140,,13,11,,,,,,,6.15,http://dx.doi.org/10.1101/2020.06.16.20133140
10.1101/2020.07.31.20165647,,74,49,18,,,,,,151.2,http://dx.doi.org/10.1101/2020.07.31.20165647
10.1101/2020.07.31.20166041,,5,4,,,,,,,3.1,http://dx.doi.org/10.1101/2020.07.31.20166041
10.1101/2020.08.05.20168146,,18,13,,,,,,,5.35,http://dx.doi.org/10.1101/2020.08.05.20168146
10.1101/2020.08.06.20169797,,40,13,19,,,,,1,166.78,http://dx.doi.org/10.1101/2020.08.06.20169797
10.1101/2020.08.06.20169565,,7,5,,,,,,,3.95,http://dx.doi.org/10.1101/2020.08.06.20169565
10.1101/2020.07.27.20163071,,7,5,,,,,,,3,http://dx.doi.org/10.1101/2020.07.27.20163071
10.1101/2020.08.05.20168971,,6,4,,,,,,1,9.58,http://dx.doi.org/10.1101/2020.08.05.20168971
10.1101/2020.08.01.20166173,,6,2,,,,,,,1.25,http://dx.doi.org/10.1101/2020.08.01.20166173
10.1101/2020.07.26.20162453,,7,5,,,,,,,2.25,http://dx.doi.org/10.1101/2020.07.26.20162453
10.1101/2020.07.31.20166066,,22,7,,,,,,,3.75,http://dx.doi.org/10.1101/2020.07.31.20166066
10.1101/2020.08.05.20169086,,48,30,1,,,,,1,37.558,http://dx.doi.org/10.1101/2020.08.05.20169086
10.1101/2020.08.03.20167056,,4,3,,,,,,,1.75,http://dx.doi.org/10.1101/2020.08.03.20167056
10.1101/2020.08.03.20167395,,13760,11799,121,,12,,,7,6060.77,http://dx.doi.org/10.1101/2020.08.03.20167395
10.1101/2020.07.29.227389,bioRxiv,63,57,,,,,,,30.6,http://dx.doi.org/10.1101/2020.07.29.227389
10.1101/2020.07.27.223727,bioRxiv,17,12,,,,,,,5,http://dx.doi.org/10.1101/2020.07.27.223727
10.1101/2020.07.30.229377,bioRxiv,12,9,,,,,,,3.5,http://dx.doi.org/10.1101/2020.07.30.229377
10.1101/2020.07.28.226092,bioRxiv,25,20,1,,,,,,20.2,http://dx.doi.org/10.1101/2020.07.28.226092
10.1101/2020.07.31.231746,bioRxiv,139,121,8,1,,,,1,150.33,http://dx.doi.org/10.1101/2020.07.31.231746
10.1101/2020.07.27.224063,bioRxiv,63,49,,,,,,,27.9,http://dx.doi.org/10.1101/2020.07.27.224063
10.1101/2020.07.27.218115,bioRxiv,2,2,,,,,,,1.25,http://dx.doi.org/10.1101/2020.07.27.218115
10.1101/2020.07.28.223784,bioRxiv,9,6,1,,,,,,12,http://dx.doi.org/10.1101/2020.07.28.223784
10.1101/2020.07.29.227462,bioRxiv,80,68,1,,,,,,46.55,http://dx.doi.org/10.1101/2020.07.29.227462
10.1101/2020.07.31.230730,bioRxiv,16,15,,,,,,,6.6,http://dx.doi.org/10.1101/2020.07.31.230730
10.1101/2020.07.30.229120,bioRxiv,211,178,1,,,,,,121.7,http://dx.doi.org/10.1101/2020.07.30.229120
10.1101/2020.07.27.223578,bioRxiv,17,8,,,,,,,3.5,http://dx.doi.org/10.1101/2020.07.27.223578
10.1101/2020.07.30.228023,bioRxiv,18,17,,,,,,,8.7,http://dx.doi.org/10.1101/2020.07.30.228023
10.1101/2020.07.29.227249,bioRxiv,26,19,1,,,,,,20.45,http://dx.doi.org/10.1101/2020.07.29.227249
10.1101/2020.07.31.190454,bioRxiv,28,19,,,,,,,11,http://dx.doi.org/10.1101/2020.07.31.190454
10.1101/2020.07.31.231274,bioRxiv,11,10,,,,,,,7.15,http://dx.doi.org/10.1101/2020.07.31.231274
10.1101/2020.07.27.223495,bioRxiv,23,17,,,,,,1,16.296,http://dx.doi.org/10.1101/2020.07.27.223495
10.1101/2020.07.30.228890,bioRxiv,16,8,,,,,,,3,http://dx.doi.org/10.1101/2020.07.30.228890
10.1101/2020.07.28.225151,bioRxiv,39,34,,,,,,1,27.73,http://dx.doi.org/10.1101/2020.07.28.225151
10.1101/2020.07.30.227553,bioRxiv,21,20,,,,,,,8.95,http://dx.doi.org/10.1101/2020.07.30.227553
10.1101/2020.07.30.229146,bioRxiv,8,5,,,,,,,2.25,http://dx.doi.org/10.1101/2020.07.30.229146
10.1101/2020.07.29.20163949,,46,28,,,,,,,20.9,http://dx.doi.org/10.1101/2020.07.29.20163949
10.1101/2020.07.30.20165159,,29,24,1,1,,,,,24.6,http://dx.doi.org/10.1101/2020.07.30.20165159
10.1101/2020.07.27.20163147,,77,60,1,,,,,1,56.584,http://dx.doi.org/10.1101/2020.07.27.20163147
10.1101/2020.07.29.20164590,,589,506,13,,,,,2,463.12,http://dx.doi.org/10.1101/2020.07.29.20164590
10.1101/2020.07.16.20155614,,70,62,1,,,,,,56.55,http://dx.doi.org/10.1101/2020.07.16.20155614
10.1101/2020.07.27.20163188,,66,53,1,,,,,,42.9,http://dx.doi.org/10.1101/2020.07.27.20163188
10.1101/2020.07.29.20164020,,162,146,3,,2,,,1,126.404,http://dx.doi.org/10.1101/2020.07.29.20164020
10.1101/2020.07.28.20163618,,260,227,14,,,,,1,296.628,http://dx.doi.org/10.1101/2020.07.28.20163618
10.1101/2020.07.23.20069468,,24,22,,,,,,,14.55,http://dx.doi.org/10.1101/2020.07.23.20069468
10.1101/2020.07.26.20162297,,1,1,,,,,,,0.25,http://dx.doi.org/10.1101/2020.07.26.20162297
10.1101/2020.07.30.20165241,,22,18,,,1,,,,12,http://dx.doi.org/10.1101/2020.07.30.20165241
10.1101/2020.07.25.20162024,,9,8,,,,,,,3.5,http://dx.doi.org/10.1101/2020.07.25.20162024
10.1101/2020.07.29.20164665,,30,12,10,,,,,,80.05,http://dx.doi.org/10.1101/2020.07.29.20164665
10.1101/2020.07.30.20164970,,120,99,7,,,,,3,143.126,http://dx.doi.org/10.1101/2020.07.30.20164970
10.1101/2020.07.30.20163824,,7,5,,,,,,,2,http://dx.doi.org/10.1101/2020.07.30.20163824
10.1101/2020.07.25.20161091,,18,16,,,,,,,9.2,http://dx.doi.org/10.1101/2020.07.25.20161091
10.1101/2020.07.18.210161,bioRxiv,90,68,1,,,,,,55.3,http://dx.doi.org/10.1101/2020.07.18.210161
10.1101/2020.07.18.209270,bioRxiv,33,31,,,,,,,17.9,http://dx.doi.org/10.1101/2020.07.18.209270
10.1101/2020.07.23.218784,bioRxiv,34,33,,,,,,,19.15,http://dx.doi.org/10.1101/2020.07.23.218784
10.1101/2020.07.19.211235,bioRxiv,10,10,,,,,,,2.75,http://dx.doi.org/10.1101/2020.07.19.211235
10.1101/2020.07.22.215962,bioRxiv,10,5,,,,,,,2.75,http://dx.doi.org/10.1101/2020.07.22.215962
10.1101/2020.07.24.220715,bioRxiv,50,16,19,,,,,,136.85,http://dx.doi.org/10.1101/2020.07.24.220715
10.1101/2020.07.26.222232,bioRxiv,10,7,,,,,,,2.6,http://dx.doi.org/10.1101/2020.07.26.222232
10.1101/2020.07.21.214759,bioRxiv,483,427,11,,1,,,3,406.264,http://dx.doi.org/10.1101/2020.07.21.214759
10.1101/2020.07.19.210955,bioRxiv,175,116,,,,,,,68.8,http://dx.doi.org/10.1101/2020.07.19.210955
10.1101/2020.07.16.206680,bioRxiv,105,84,2,,,,,,70.75,http://dx.doi.org/10.1101/2020.07.16.206680
10.1101/2020.07.24.205583,bioRxiv,20,13,1,,,,,,17.15,http://dx.doi.org/10.1101/2020.07.24.205583
10.1101/2020.07.21.212704,bioRxiv,11,10,,,,,,,4.85,http://dx.doi.org/10.1101/2020.07.21.212704
10.1101/2020.07.26.221861,bioRxiv,389,362,1,,,,,,206.2,http://dx.doi.org/10.1101/2020.07.26.221861
10.1101/2020.07.21.214932,bioRxiv,141,121,,,,,,1,87.23,http://dx.doi.org/10.1101/2020.07.21.214932
10.1101/2020.07.23.218529,bioRxiv,21,11,,,,,,,4.25,http://dx.doi.org/10.1101/2020.07.23.218529
10.1101/2020.07.21.214346,bioRxiv,1150,1072,20,,4,,,3,936.124,http://dx.doi.org/10.1101/2020.07.21.214346
10.1101/2020.07.18.210211,bioRxiv,9,8,,,,,,,6.35,http://dx.doi.org/10.1101/2020.07.18.210211
10.1101/2020.07.27.212076,bioRxiv,37,29,4,,1,,,,49.45,http://dx.doi.org/10.1101/2020.07.27.212076
10.1101/2020.07.26.219741,bioRxiv,57,49,3,,,,,,52.1,http://dx.doi.org/10.1101/2020.07.26.219741
10.1101/2020.06.25.172403,bioRxiv,412,335,1,,,,,,224.55,http://dx.doi.org/10.1101/2020.06.25.172403
10.1101/2020.07.18.206946,bioRxiv,92,88,,,,,,,57.55,http://dx.doi.org/10.1101/2020.07.18.206946
10.1101/2020.07.22.216358,bioRxiv,75,64,4,,,,,,79,http://dx.doi.org/10.1101/2020.07.22.216358
10.1101/2020.07.27.222943,bioRxiv,28,24,,,,,,,13.35,http://dx.doi.org/10.1101/2020.07.27.222943
10.1101/2020.07.23.212357,bioRxiv,40,35,,,,,,1,25.906,http://dx.doi.org/10.1101/2020.07.23.212357
10.1101/2020.07.17.20156513,,44,39,1,,,,,2,46.676,http://dx.doi.org/10.1101/2020.07.17.20156513
10.1101/2020.07.19.20157198,,259,204,,,,,,,153.2,http://dx.doi.org/10.1101/2020.07.19.20157198
10.1101/2020.07.19.20157362,,627,495,28,,,,,7,591.638,http://dx.doi.org/10.1101/2020.07.19.20157362
10.1101/2020.07.23.20161000,,8,5,,,,,,,3,http://dx.doi.org/10.1101/2020.07.23.20161000
10.1101/2020.07.22.20157263,,275,187,14,,2,,,1,245.95,http://dx.doi.org/10.1101/2020.07.22.20157263
10.1101/2020.07.21.20159376,,104,101,,,,,,,67.4,http://dx.doi.org/10.1101/2020.07.21.20159376
10.1101/2020.07.17.20152389,,42,31,,,,,,,20.45,http://dx.doi.org/10.1101/2020.07.17.20152389
10.1101/2020.07.25.20161968,,24,16,1,,,,,,19.25,http://dx.doi.org/10.1101/2020.07.25.20161968
10.1101/2020.07.20.20151506,,12,8,,,,,,,5.25,http://dx.doi.org/10.1101/2020.07.20.20151506
10.1101/2020.07.15.20154443,,7,6,,,,,,,3,http://dx.doi.org/10.1101/2020.07.15.20154443
10.1101/2020.07.16.20155531,,1424,1214,2,,,,,1,763.43,http://dx.doi.org/10.1101/2020.07.16.20155531
10.1101/2020.07.17.20156497,,6,5,,,,,,,3.2,http://dx.doi.org/10.1101/2020.07.17.20156497
10.1101/2020.07.17.20156232,,6,4,2,,,,,,20.75,http://dx.doi.org/10.1101/2020.07.17.20156232
10.1101/2020.07.17.20156281,,12,6,1,,,,,2,27.35,http://dx.doi.org/10.1101/2020.07.17.20156281
10.1101/2020.07.23.20161182,,26,24,,,,,,,12.35,http://dx.doi.org/10.1101/2020.07.23.20161182
10.1101/2020.07.21.20159327,,8,7,,,,,,,4.25,http://dx.doi.org/10.1101/2020.07.21.20159327
10.1101/2020.07.20.20151019,,22,13,,,,,,,7.45,http://dx.doi.org/10.1101/2020.07.20.20151019
10.1101/2020.07.23.20160820,,811,647,,,,,,,334.3,http://dx.doi.org/10.1101/2020.07.23.20160820
10.1101/2020.07.20.20155507,,15,10,1,,,,,,16.7,http://dx.doi.org/10.1101/2020.07.20.20155507
10.1101/2020.07.19.20157305,,146,140,,,,,,,100.35,http://dx.doi.org/10.1101/2020.07.19.20157305
10.1101/2020.07.24.20161547,,6,5,,,,,,,2.75,http://dx.doi.org/10.1101/2020.07.24.20161547
10.1101/2020.07.18.20155374,,234,171,33,,,,,4,406.332,http://dx.doi.org/10.1101/2020.07.18.20155374
10.1101/2020.07.23.20161208,,59,40,,,,,,,27.7,http://dx.doi.org/10.1101/2020.07.23.20161208
10.1101/2020.07.20.20157503,,109,80,4,,,,,,74.55,http://dx.doi.org/10.1101/2020.07.20.20157503
10.1101/2020.07.19.20157248,,66,48,7,,,,,,95,http://dx.doi.org/10.1101/2020.07.19.20157248
10.1101/2020.07.13.201277,bioRxiv,22,16,,,,,,,8.75,http://dx.doi.org/10.1101/2020.07.13.201277
10.1101/2020.07.15.203489,bioRxiv,856,493,84,,,,,6,1088.994,http://dx.doi.org/10.1101/2020.07.15.203489
10.1101/2020.07.14.201616,bioRxiv,127,116,1,,,,,,84.3,http://dx.doi.org/10.1101/2020.07.14.201616
10.1101/2020.07.12.199588,bioRxiv,31,17,1,,,,,,20.5,http://dx.doi.org/10.1101/2020.07.12.199588
10.1101/2020.07.14.203414,bioRxiv,18,17,,,,,,,7.55,http://dx.doi.org/10.1101/2020.07.14.203414
10.1101/2020.07.13.201517,bioRxiv,27,22,,,,,,,14.15,http://dx.doi.org/10.1101/2020.07.13.201517
10.1101/2020.07.14.202549,bioRxiv,41,35,,,,,,,20.25,http://dx.doi.org/10.1101/2020.07.14.202549
10.1101/2020.07.12.20151068,,68,60,2,,,,,1,65.95,http://dx.doi.org/10.1101/2020.07.12.20151068
10.1101/2020.07.12.20151696,,8,8,,,,,,,5.3,http://dx.doi.org/10.1101/2020.07.12.20151696
10.1101/2020.07.05.20146043,,11,7,,,,,,,4.1,http://dx.doi.org/10.1101/2020.07.05.20146043
10.1101/2020.07.13.20152207,,10,7,,,,,,,4.85,http://dx.doi.org/10.1101/2020.07.13.20152207
10.1101/2020.07.13.20153114,,12,11,,,,,,,6.7,http://dx.doi.org/10.1101/2020.07.13.20153114
10.1101/2020.07.13.20152678,,4,4,,,,,,,1.75,http://dx.doi.org/10.1101/2020.07.13.20152678
10.1101/2020.07.11.20151563,,10,9,,,,,,,5.7,http://dx.doi.org/10.1101/2020.07.11.20151563
10.1101/2020.07.12.20151936,,12,12,,,,,,,5.7,http://dx.doi.org/10.1101/2020.07.12.20151936
10.1101/2020.07.10.20150714,,31,21,,,,,,,15.75,http://dx.doi.org/10.1101/2020.07.10.20150714
10.1101/2020.07.04.20145870,,31,16,11,,,,,1,100.2,http://dx.doi.org/10.1101/2020.07.04.20145870
10.1101/2020.07.04.20142752,,75,68,1,,,,,,48.4,http://dx.doi.org/10.1101/2020.07.04.20142752
10.1101/2020.07.08.194084,bioRxiv,11,8,,,,,,,4,http://dx.doi.org/10.1101/2020.07.08.194084
10.1101/2020.07.08.191072,bioRxiv,18,16,,,,,,,8.5,http://dx.doi.org/10.1101/2020.07.08.191072
10.1101/2020.07.06.190066,bioRxiv,60,54,,,,,,,29.45,http://dx.doi.org/10.1101/2020.07.06.190066
10.1101/2020.07.09.196188,bioRxiv,57,50,,,,,,,22.45,http://dx.doi.org/10.1101/2020.07.09.196188
10.1101/2020.07.06.190348,bioRxiv,30,22,,,1,,,,10.4,http://dx.doi.org/10.1101/2020.07.06.190348
10.1101/2020.07.09.196386,bioRxiv,51,42,,,,,,,21.2,http://dx.doi.org/10.1101/2020.07.09.196386
10.1101/2020.06.11.147496,bioRxiv,16,7,,,,,,,3,http://dx.doi.org/10.1101/2020.06.11.147496
10.1101/2020.07.06.182972,bioRxiv,44,37,,,,,,,20,http://dx.doi.org/10.1101/2020.07.06.182972
10.1101/2020.07.06.190413,bioRxiv,20,13,1,,,,,,15.95,http://dx.doi.org/10.1101/2020.07.06.190413
10.1101/2020.07.07.191007,bioRxiv,23,6,14,,1,,,1,129.572,http://dx.doi.org/10.1101/2020.07.07.191007
10.1101/2020.07.07.190546,bioRxiv,45,34,1,,,,,,27.4,http://dx.doi.org/10.1101/2020.07.07.190546
10.1101/2020.07.09.194027,bioRxiv,23,18,1,,,,,,16.95,http://dx.doi.org/10.1101/2020.07.09.194027
10.1101/2020.07.06.190207,bioRxiv,14,11,,,,,,,3.5,http://dx.doi.org/10.1101/2020.07.06.190207
10.1101/2020.07.10.197079,bioRxiv,18,12,2,,,,,1,30.796,http://dx.doi.org/10.1101/2020.07.10.197079
10.1101/2020.07.05.187344,bioRxiv,35,26,1,,,,,,24.95,http://dx.doi.org/10.1101/2020.07.05.187344
10.1101/2020.07.08.194456,bioRxiv,52,40,,,,,,,18.65,http://dx.doi.org/10.1101/2020.07.08.194456
10.1101/2020.07.09.194563,bioRxiv,20,17,,,,,,,10.3,http://dx.doi.org/10.1101/2020.07.09.194563
10.1101/2020.07.07.20148551,,12,10,,,,,,,6.25,http://dx.doi.org/10.1101/2020.07.07.20148551
10.1101/2020.07.09.20149104,,72,60,,,,,,,43.3,http://dx.doi.org/10.1101/2020.07.09.20149104
10.1101/2020.07.10.20150813,,6,6,,,,,,,3.7,http://dx.doi.org/10.1101/2020.07.10.20150813
10.1101/2020.07.07.20148510,,19,15,,,,,,,9.7,http://dx.doi.org/10.1101/2020.07.07.20148510
10.1101/2020.07.06.20147223,,4,4,,,,,,,1.75,http://dx.doi.org/10.1101/2020.07.06.20147223
10.1101/2020.07.06.20120386,,5,4,1,,,,,,8,http://dx.doi.org/10.1101/2020.07.06.20120386
10.1101/2020.07.10.20147777,,63,59,1,,,,,,45.05,http://dx.doi.org/10.1101/2020.07.10.20147777
10.1101/2020.07.08.20149179,,146,131,4,,,,,1,128.822,http://dx.doi.org/10.1101/2020.07.08.20149179
10.1101/2020.07.10.20150797,,32,31,,,,,,,18.55,http://dx.doi.org/10.1101/2020.07.10.20150797
10.1101/2020.07.08.20147371,,27,21,,,,,,,12.9,http://dx.doi.org/10.1101/2020.07.08.20147371
10.1101/2020.07.07.20148106,,301,266,1,,,,,,206.9,http://dx.doi.org/10.1101/2020.07.07.20148106
10.1101/2020.07.09.20149849,,18,17,,,,,,,8.35,http://dx.doi.org/10.1101/2020.07.09.20149849
10.1101/2020.07.06.20147702,,734,622,13,,1,,,4,572.308,http://dx.doi.org/10.1101/2020.07.06.20147702
10.1101/2020.05.01.20088047,,38,17,14,,,,,1,133.28,http://dx.doi.org/10.1101/2020.05.01.20088047
10.1101/2020.07.06.20140285,,277,232,,,1,,,,138.1,http://dx.doi.org/10.1101/2020.07.06.20140285
10.1101/2020.07.01.183236,bioRxiv,18,15,1,,,,,,16.25,http://dx.doi.org/10.1101/2020.07.01.183236
10.1101/2020.07.01.183020,bioRxiv,26,19,,,,,,,11.3,http://dx.doi.org/10.1101/2020.07.01.183020
10.1101/2020.06.27.175430,bioRxiv,1261,965,1,,1,,,3,566.59,http://dx.doi.org/10.1101/2020.06.27.175430
10.1101/2020.06.27.175448,bioRxiv,18,16,,,,,,,6.65,http://dx.doi.org/10.1101/2020.06.27.175448
10.1101/2020.07.01.182964,bioRxiv,17,12,,,,,,,4.25,http://dx.doi.org/10.1101/2020.07.01.182964
10.1101/2020.06.30.180380,bioRxiv,102,47,20,,,,,,170.2,http://dx.doi.org/10.1101/2020.06.30.180380
10.1101/2020.07.04.187989,bioRxiv,82,63,1,,,,,1,47.78,http://dx.doi.org/10.1101/2020.07.04.187989
10.1101/2020.06.29.178889,bioRxiv,96,80,1,,,,,,57.9,http://dx.doi.org/10.1101/2020.06.29.178889
10.1101/2020.07.02.184481,bioRxiv,135,105,,,,,,,61.35,http://dx.doi.org/10.1101/2020.07.02.184481
10.1101/2020.06.30.178897,bioRxiv,51,36,,,,,,,21.65,http://dx.doi.org/10.1101/2020.06.30.178897
10.1101/2020.06.30.181305,bioRxiv,22,15,,,,,,,7,http://dx.doi.org/10.1101/2020.06.30.181305
10.1101/2020.07.04.187435,bioRxiv,52,48,1,,1,,,1,38.034,http://dx.doi.org/10.1101/2020.07.04.187435
10.1101/2020.05.05.079061,bioRxiv,37,33,3,,,,,,39.35,http://dx.doi.org/10.1101/2020.05.05.079061
10.1101/2020.07.01.182659,bioRxiv,19,14,,,,,,,6.7,http://dx.doi.org/10.1101/2020.07.01.182659
10.1101/2020.06.28.176248,bioRxiv,28,26,1,,,,,,24.85,http://dx.doi.org/10.1101/2020.06.28.176248
10.1101/2020.05.14.093583,bioRxiv,50,38,,,,,,,24.2,http://dx.doi.org/10.1101/2020.05.14.093583
10.1101/2020.06.30.175695,bioRxiv,137,103,2,,,,,,85.45,http://dx.doi.org/10.1101/2020.06.30.175695
10.1101/2020.06.26.173765,bioRxiv,77,68,,,,,,,38.55,http://dx.doi.org/10.1101/2020.06.26.173765
10.1101/2020.06.29.178459,bioRxiv,72,46,,,,,,,21.15,http://dx.doi.org/10.1101/2020.06.29.178459
10.1101/2020.06.22.165936,bioRxiv,21,14,1,,,,,,15.6,http://dx.doi.org/10.1101/2020.06.22.165936
10.1101/2020.07.01.182709,bioRxiv,62,48,,,,,,,27.6,http://dx.doi.org/10.1101/2020.07.01.182709
10.1101/2020.06.29.174623,bioRxiv,60,52,,,,,,,40.95,http://dx.doi.org/10.1101/2020.06.29.174623
10.1101/2020.07.04.187757,bioRxiv,261,228,,,,,,2,161.88,http://dx.doi.org/10.1101/2020.07.04.187757
10.1101/2020.06.29.20142703,,56,39,12,,,,,2,133.896,http://dx.doi.org/10.1101/2020.06.29.20142703
10.1101/2020.07.03.20145581,,12,7,,,,,,,5.2,http://dx.doi.org/10.1101/2020.07.03.20145581
10.1101/2020.05.03.20089698,,8,6,1,,,,,1,17.78,http://dx.doi.org/10.1101/2020.05.03.20089698
10.1101/2020.06.30.20143560,,13,9,,,,,,,9.05,http://dx.doi.org/10.1101/2020.06.30.20143560
10.1101/2020.07.01.20144188,,6,6,,,,,,,3,http://dx.doi.org/10.1101/2020.07.01.20144188
10.1101/2020.07.02.20144964,,39,26,,,,,,,16.3,http://dx.doi.org/10.1101/2020.07.02.20144964
10.1101/2020.06.29.20140376,,6,5,1,,,,,,10.75,http://dx.doi.org/10.1101/2020.06.29.20140376
10.1101/2020.05.01.20088237,,114,98,3,,,,,,85.5,http://dx.doi.org/10.1101/2020.05.01.20088237
10.1101/2020.06.30.20143115,,53,48,2,,,,,,44.8,http://dx.doi.org/10.1101/2020.06.30.20143115
10.1101/2020.06.29.20140111,,13,13,,,,,,,5.1,http://dx.doi.org/10.1101/2020.06.29.20140111
10.1101/2020.07.02.20144543,,19,16,,,,,,,8.7,http://dx.doi.org/10.1101/2020.07.02.20144543
10.1101/2020.06.29.20143156,,8,7,,,1,,,,3,http://dx.doi.org/10.1101/2020.06.29.20143156
10.1101/2020.07.02.20145284,,7,6,,,,,,,4.5,http://dx.doi.org/10.1101/2020.07.02.20145284
10.1101/2020.07.02.20145185,,110,84,14,,,,,1,163.83,http://dx.doi.org/10.1101/2020.07.02.20145185
10.1101/2020.07.01.20144162,,66,62,,,,,,,41.45,http://dx.doi.org/10.1101/2020.07.01.20144162
10.1101/2020.06.22.165803,bioRxiv,20,19,,,,,,,9.35,http://dx.doi.org/10.1101/2020.06.22.165803
10.1101/2020.06.20.163097,bioRxiv,21,15,1,,1,,,,16.7,http://dx.doi.org/10.1101/2020.06.20.163097
10.1101/2020.06.23.168252,bioRxiv,14,12,,,,,,,5.75,http://dx.doi.org/10.1101/2020.06.23.168252
10.1101/2020.06.26.174698,bioRxiv,35,33,,,,,,,19.5,http://dx.doi.org/10.1101/2020.06.26.174698
10.1101/2020.06.19.154930,bioRxiv,70,59,1,,,,,,39.55,http://dx.doi.org/10.1101/2020.06.19.154930
10.1101/2020.06.22.165712,bioRxiv,66,61,1,,,,,,42.55,http://dx.doi.org/10.1101/2020.06.22.165712
10.1101/2020.06.22.165225,bioRxiv,39,36,,,,,,,23,http://dx.doi.org/10.1101/2020.06.22.165225
10.1101/2020.06.26.20141044,,26,15,7,,,,,1,78.1,http://dx.doi.org/10.1101/2020.06.26.20141044
10.1101/2020.06.24.20129817,,542,457,15,,,,,2,482.26,http://dx.doi.org/10.1101/2020.06.24.20129817
10.1101/2020.06.26.20141341,,17,17,,,,,,,8.1,http://dx.doi.org/10.1101/2020.06.26.20141341
10.1101/2020.06.18.20134858,,403,345,,,,,,1,239.65,http://dx.doi.org/10.1101/2020.06.18.20134858
10.1101/2020.06.15.20117747,,260,214,27,,,,,1,372.95,http://dx.doi.org/10.1101/2020.06.15.20117747
10.1101/2020.06.26.20139063,,69,66,,,,,,,43.05,http://dx.doi.org/10.1101/2020.06.26.20139063
10.1101/2020.06.24.20139212,,7,5,,,,,,,3,http://dx.doi.org/10.1101/2020.06.24.20139212
10.1101/2020.06.22.20136309,,4686,3240,122,,5,,,13,3371.506,http://dx.doi.org/10.1101/2020.06.22.20136309
10.1101/2020.06.19.20135830,,73,52,6,,,,,1,93.68,http://dx.doi.org/10.1101/2020.06.19.20135830
10.1101/2020.06.17.20134262,,17,16,,,,,,,12.55,http://dx.doi.org/10.1101/2020.06.17.20134262
10.1101/2020.06.19.20135095,,160,112,22,,,,,3,266.364,http://dx.doi.org/10.1101/2020.06.19.20135095
10.1101/2020.06.24.20139006,,8,7,,,,,,,3.5,http://dx.doi.org/10.1101/2020.06.24.20139006
10.1101/2020.06.26.20140814,,1699,1349,6,,1,,,5,1038.994,http://dx.doi.org/10.1101/2020.06.26.20140814
10.1101/2020.06.25.20137323,,19,12,,,,,,,6.85,http://dx.doi.org/10.1101/2020.06.25.20137323
10.1101/2020.06.22.166033,bioRxiv,33,21,1,,,,,,17.85,http://dx.doi.org/10.1101/2020.06.22.166033
10.1101/2020.06.23.167544,bioRxiv,70,48,,,,,,,26.7,http://dx.doi.org/10.1101/2020.06.23.167544
10.1101/2020.06.22.165464,bioRxiv,132,113,,,,,,,63.55,http://dx.doi.org/10.1101/2020.06.22.165464
10.1101/2020.06.22.20137695,,63,45,6,,,,,1,77.6,http://dx.doi.org/10.1101/2020.06.22.20137695
10.1101/2020.03.13.991083,bioRxiv,40,32,,,,,,,19.9,http://dx.doi.org/10.1101/2020.03.13.991083
10.1101/2020.06.17.156554,bioRxiv,213,186,,,,,,,114.8,http://dx.doi.org/10.1101/2020.06.17.156554
10.1101/2020.06.08.137331,bioRxiv,17,12,1,,,,,,16.7,http://dx.doi.org/10.1101/2020.06.08.137331
10.1101/2020.06.12.148726,bioRxiv,1108,853,69,2,2,,,7,1224.15,http://dx.doi.org/10.1101/2020.06.12.148726
10.1101/2020.06.17.157982,bioRxiv,885,756,4,,,,,2,386.146,http://dx.doi.org/10.1101/2020.06.17.157982
10.1101/2020.06.14.151357,bioRxiv,368,282,39,,,,,1,505.33,http://dx.doi.org/10.1101/2020.06.14.151357
10.1101/2020.06.21.163410,bioRxiv,35,17,,,,,,,6.95,http://dx.doi.org/10.1101/2020.06.21.163410
10.1101/2020.06.16.153817,bioRxiv,58,43,,,1,,,,26.15,http://dx.doi.org/10.1101/2020.06.16.153817
10.1101/2020.06.14.151381,bioRxiv,68,52,1,,,,,,41,http://dx.doi.org/10.1101/2020.06.14.151381
10.1101/2020.06.15.153387,bioRxiv,28,19,1,,,,,,17.75,http://dx.doi.org/10.1101/2020.06.15.153387
10.1101/2020.06.16.151555,bioRxiv,7,7,,,,,,,3,http://dx.doi.org/10.1101/2020.06.16.151555
10.1101/2020.06.17.153486,bioRxiv,54,38,2,,,,,1,42.83,http://dx.doi.org/10.1101/2020.06.17.153486
10.1101/2020.06.14.150607,bioRxiv,56,49,,,,,,,30.45,http://dx.doi.org/10.1101/2020.06.14.150607
10.1101/2020.06.15.153197,bioRxiv,47,35,1,,,,,,26.95,http://dx.doi.org/10.1101/2020.06.15.153197
10.1101/2020.06.17.158121,bioRxiv,99,80,1,,,,,,56.7,http://dx.doi.org/10.1101/2020.06.17.158121
10.1101/2020.06.11.147199,bioRxiv,118,102,1,,,,,1,79.608,http://dx.doi.org/10.1101/2020.06.11.147199
10.1101/2020.06.15.152157,bioRxiv,57,33,3,,,,,,44.05,http://dx.doi.org/10.1101/2020.06.15.152157
10.1101/2020.06.12.148916,bioRxiv,83,51,16,1,,,,2,179.772,http://dx.doi.org/10.1101/2020.06.12.148916
10.1101/2020.06.16.155267,bioRxiv,12,10,,,1,,,,5,http://dx.doi.org/10.1101/2020.06.16.155267
10.1101/2020.06.15.150912,bioRxiv,17,16,,,,,,,8.85,http://dx.doi.org/10.1101/2020.06.15.150912
10.1101/2020.06.12.20129718,,7,5,,,,,,,2.75,http://dx.doi.org/10.1101/2020.06.12.20129718
10.1101/2020.06.11.20128330,,81,67,,,1,,,,43.7,http://dx.doi.org/10.1101/2020.06.11.20128330
10.1101/2020.06.17.20134114,,20,13,,,,,,,6.95,http://dx.doi.org/10.1101/2020.06.17.20134114
10.1101/2020.06.17.20106302,,17,10,,,,,,,6.9,http://dx.doi.org/10.1101/2020.06.17.20106302
10.1101/2020.06.10.20127589,,13,11,,,,,,,7.5,http://dx.doi.org/10.1101/2020.06.10.20127589
10.1101/2020.04.18.20070821,,22,17,,,,,,,13.45,http://dx.doi.org/10.1101/2020.04.18.20070821
10.1101/2020.06.14.20131128,,6,5,,,,,,,6,http://dx.doi.org/10.1101/2020.06.14.20131128
10.1101/2020.06.15.20131607,,190,126,1,,,,,,84.5,http://dx.doi.org/10.1101/2020.06.15.20131607
10.1101/2020.06.12.20130021,,8,7,,,,,,,4,http://dx.doi.org/10.1101/2020.06.12.20130021
10.1101/2020.06.10.20127845,,9,8,,,,,,,3.5,http://dx.doi.org/10.1101/2020.06.10.20127845
10.1101/2020.06.11.20128702,,20,13,2,,,,,,23.45,http://dx.doi.org/10.1101/2020.06.11.20128702
10.1101/2020.06.14.20129957,,5,4,,,,,,,2.5,http://dx.doi.org/10.1101/2020.06.14.20129957
10.1101/2020.06.08.20125369,,189,63,17,,,,,,155,http://dx.doi.org/10.1101/2020.06.08.20125369
10.1101/2020.06.15.20131870,,6,5,,,,,,,2,http://dx.doi.org/10.1101/2020.06.15.20131870
10.1101/2020.06.12.20126391,,7,6,,,,,,,3.25,http://dx.doi.org/10.1101/2020.06.12.20126391
10.1101/2020.06.16.20126425,,3,3,,,,,,,1,http://dx.doi.org/10.1101/2020.06.16.20126425
10.1101/2020.06.16.20133025,,83,64,3,,,,,,67.85,http://dx.doi.org/10.1101/2020.06.16.20133025
10.1101/2020.06.16.20132902,,17,11,,,,,,,5.85,http://dx.doi.org/10.1101/2020.06.16.20132902
10.1101/2020.06.13.20130120,,16,15,1,,,,,,18.15,http://dx.doi.org/10.1101/2020.06.13.20130120
10.1101/2020.05.25.20113043,,26,15,8,,,,,,74.7,http://dx.doi.org/10.1101/2020.05.25.20113043
10.1101/2020.06.15.20132134,,13,11,1,,,,,,15.4,http://dx.doi.org/10.1101/2020.06.15.20132134
10.1101/2020.06.12.20127944,,67,58,,,2,,,,37.85,http://dx.doi.org/10.1101/2020.06.12.20127944
10.1101/2020.06.09.20126946,,102,85,,,1,,,,64.8,http://dx.doi.org/10.1101/2020.06.09.20126946
10.1101/2020.06.09.20123836,,11,10,,,,,,,6.95,http://dx.doi.org/10.1101/2020.06.09.20123836
10.1101/2020.06.13.20129841,,157,58,25,,,,,1,245.608,http://dx.doi.org/10.1101/2020.06.13.20129841
10.1101/2020.06.11.20125849,,125,92,,,,,,,60.55,http://dx.doi.org/10.1101/2020.06.11.20125849
10.1101/2020.06.12.20128736,,45,33,2,,,,,,35.4,http://dx.doi.org/10.1101/2020.06.12.20128736
10.1101/2020.06.11.20129072,,76,64,,,,,,,41.9,http://dx.doi.org/10.1101/2020.06.11.20129072
10.1101/2020.06.09.20126516,,53,48,,,,,,,34.8,http://dx.doi.org/10.1101/2020.06.09.20126516
10.1101/2020.06.09.20127092,,6,5,,,,,,,2.5,http://dx.doi.org/10.1101/2020.06.09.20127092
10.1101/2020.06.08.138826,bioRxiv,89,73,1,,,,,,46,http://dx.doi.org/10.1101/2020.06.08.138826
10.1101/2020.06.08.140871,bioRxiv,30,24,,,,,,,13.45,http://dx.doi.org/10.1101/2020.06.08.140871
10.1101/2020.05.28.118059,bioRxiv,4,4,,,,,,,1.75,http://dx.doi.org/10.1101/2020.05.28.118059
10.1101/2020.05.12.091983,bioRxiv,48,38,,,,,,,18,http://dx.doi.org/10.1101/2020.05.12.091983
10.1101/2020.05.31.116061,bioRxiv,794,633,27,,2,,,5,646.652,http://dx.doi.org/10.1101/2020.05.31.116061
10.1101/2020.05.27.120105,bioRxiv,24,23,,,,,,,10.5,http://dx.doi.org/10.1101/2020.05.27.120105
10.1101/2020.05.27.117184,bioRxiv,150,84,1,,,,,1,73.23,http://dx.doi.org/10.1101/2020.05.27.117184
10.1101/2020.06.03.130591,bioRxiv,69,63,,,1,,,,30.25,http://dx.doi.org/10.1101/2020.06.03.130591
10.1101/2020.05.27.118893,bioRxiv,304,256,,,,,,1,156.5,http://dx.doi.org/10.1101/2020.05.27.118893
10.1101/2020.05.28.121533,bioRxiv,115,109,,,,,,,64,http://dx.doi.org/10.1101/2020.05.28.121533
10.1101/2020.06.09.134460,bioRxiv,14,11,,,,,,,4.85,http://dx.doi.org/10.1101/2020.06.09.134460
10.1101/2020.06.08.141267,bioRxiv,46,44,,,,,,,21.1,http://dx.doi.org/10.1101/2020.06.08.141267
10.1101/2020.06.02.131144,bioRxiv,226,162,14,,,,,3,240.082,http://dx.doi.org/10.1101/2020.06.02.131144
10.1101/2020.06.05.136887,bioRxiv,20,16,,,,,,,8.55,http://dx.doi.org/10.1101/2020.06.05.136887
10.1101/2020.06.05.136861,bioRxiv,74,55,2,,,,,,55.25,http://dx.doi.org/10.1101/2020.06.05.136861
10.1101/2020.06.10.145144,bioRxiv,403,352,1,1,,,,,247.9,http://dx.doi.org/10.1101/2020.06.10.145144
10.1101/2020.06.16.154708,bioRxiv,38,33,,,,,,,17.6,http://dx.doi.org/10.1101/2020.06.16.154708
10.1101/2020.06.12.148692,bioRxiv,14,12,,,,,,,4.75,http://dx.doi.org/10.1101/2020.06.12.148692
10.1101/2020.06.05.134551,bioRxiv,140,98,24,,,,,5,263.37,http://dx.doi.org/10.1101/2020.06.05.134551
10.1101/2020.04.22.056127,bioRxiv,29,19,,,,,,,10.25,http://dx.doi.org/10.1101/2020.04.22.056127
10.1101/2020.06.08.138990,bioRxiv,13,12,,,,,,,5.5,http://dx.doi.org/10.1101/2020.06.08.138990
10.1101/2020.06.03.129817,bioRxiv,53,42,,,,,,,21,http://dx.doi.org/10.1101/2020.06.03.129817
10.1101/2020.05.30.125484,bioRxiv,181,165,2,,,,,1,117.28,http://dx.doi.org/10.1101/2020.05.30.125484
10.1101/2020.05.28.122366,bioRxiv,338,270,2,,,,,1,175.23,http://dx.doi.org/10.1101/2020.05.28.122366
10.1101/2020.05.26.117549,bioRxiv,12,10,,,,,,,3.6,http://dx.doi.org/10.1101/2020.05.26.117549
10.1101/2020.06.04.135004,bioRxiv,83,68,1,,,,,,48.65,http://dx.doi.org/10.1101/2020.06.04.135004
10.1101/2020.06.09.141101,bioRxiv,50,44,,,,,,,27.4,http://dx.doi.org/10.1101/2020.06.09.141101
10.1101/2020.05.28.122291,bioRxiv,45,24,,,,,,,11.05,http://dx.doi.org/10.1101/2020.05.28.122291
10.1101/2020.06.09.142794,bioRxiv,12,9,,,,,,,3,http://dx.doi.org/10.1101/2020.06.09.142794
10.1101/2020.06.11.146522,bioRxiv,441,382,6,,1,,,1,324.33,http://dx.doi.org/10.1101/2020.06.11.146522
10.1101/2020.06.02.130955,bioRxiv,70,53,1,,,,,,34.7,http://dx.doi.org/10.1101/2020.06.02.130955
10.1101/2020.06.08.140236,bioRxiv,72,58,1,,,,,,43.7,http://dx.doi.org/10.1101/2020.06.08.140236
10.1101/2020.06.08.140244,bioRxiv,41,26,1,,,,,2,38.11,http://dx.doi.org/10.1101/2020.06.08.140244
10.1101/2020.06.03.132639,bioRxiv,26,21,,,,,,,12.6,http://dx.doi.org/10.1101/2020.06.03.132639
10.1101/2020.06.11.145920,bioRxiv,952,810,38,,4,,,3,867.668,http://dx.doi.org/10.1101/2020.06.11.145920
10.1101/2020.06.07.20124859,,7,7,,,,,,,4.75,http://dx.doi.org/10.1101/2020.06.07.20124859
10.1101/2020.06.04.20112011,,122,103,,,,,,,81.1,http://dx.doi.org/10.1101/2020.06.04.20112011
10.1101/2020.06.04.20122549,,6,3,,,,,,,1.5,http://dx.doi.org/10.1101/2020.06.04.20122549
10.1101/2020.06.06.20123414,,2082,1832,26,,1,,,8,1109.52,http://dx.doi.org/10.1101/2020.06.06.20123414
10.1101/2020.06.04.20109306,,31,28,,,,,,,15.85,http://dx.doi.org/10.1101/2020.06.04.20109306
10.1101/2020.05.31.20118448,,7,7,,,,,,,3.1,http://dx.doi.org/10.1101/2020.05.31.20118448
10.1101/2020.06.02.20120477,,31,16,,,,,,,10.05,http://dx.doi.org/10.1101/2020.06.02.20120477
10.1101/2020.05.27.20114066,,42,34,,,,,,,21.95,http://dx.doi.org/10.1101/2020.05.27.20114066
10.1101/2020.05.29.20100735,,6,5,,,,,,,2,http://dx.doi.org/10.1101/2020.05.29.20100735
10.1101/2020.06.03.20121558,,15,15,,,,,,,9.45,http://dx.doi.org/10.1101/2020.06.03.20121558
10.1101/2020.05.28.20115220,,19,14,3,,,,,1,36.98,http://dx.doi.org/10.1101/2020.05.28.20115220
10.1101/2020.05.30.20118109,,118,81,,,,,,,40.9,http://dx.doi.org/10.1101/2020.05.30.20118109
10.1101/2020.06.02.20120790,,39,30,,,,,,,20.45,http://dx.doi.org/10.1101/2020.06.02.20120790
10.1101/2020.06.05.20123117,,148,124,2,,,,,1,99.98,http://dx.doi.org/10.1101/2020.06.05.20123117
10.1101/2020.06.01.20118885,,23,21,1,,,,,,24.75,http://dx.doi.org/10.1101/2020.06.01.20118885
10.1101/2020.06.08.20124792,,117,81,12,,,,,4,174.362,http://dx.doi.org/10.1101/2020.06.08.20124792
10.1101/2020.06.09.20126813,,15,12,,,,,,,10.35,http://dx.doi.org/10.1101/2020.06.09.20126813
10.1101/2020.06.05.20123760,,19,17,,,,,,,11.25,http://dx.doi.org/10.1101/2020.06.05.20123760
10.1101/2020.06.09.20127050,,16,13,2,,,,,,26.95,http://dx.doi.org/10.1101/2020.06.09.20127050
10.1101/2020.06.08.20124990,,10,5,,,,,,,2.75,http://dx.doi.org/10.1101/2020.06.08.20124990
10.1101/2020.06.04.20122846,,55,42,2,,,,,,41.8,http://dx.doi.org/10.1101/2020.06.04.20122846
10.1101/2020.06.08.20125989,,348,324,,,,,,,212.35,http://dx.doi.org/10.1101/2020.06.08.20125989
10.1101/2020.05.29.20065714,,13,13,,,,,,,9.4,http://dx.doi.org/10.1101/2020.05.29.20065714
10.1101/2020.06.04.20121863,,12,9,,,,,,,4.5,http://dx.doi.org/10.1101/2020.06.04.20121863
10.1101/2020.05.28.20105692,,6,5,,,,,,,2,http://dx.doi.org/10.1101/2020.05.28.20105692
10.1101/2020.06.04.20121673,,29,26,2,,,,,,35.3,http://dx.doi.org/10.1101/2020.06.04.20121673
10.1101/2020.06.05.20123372,,28,24,,,,,,,15,http://dx.doi.org/10.1101/2020.06.05.20123372
10.1101/2020.05.29.20110098,,3,2,,,,,,,1.5,http://dx.doi.org/10.1101/2020.05.29.20110098
10.1101/2020.05.29.20117358,,129,100,8,1,,,,2,130.86,http://dx.doi.org/10.1101/2020.05.29.20117358
10.1101/2020.06.04.20122358,,14,11,,,,,,,7.95,http://dx.doi.org/10.1101/2020.06.04.20122358
10.1101/2020.05.31.20118802,,14,11,,,,,,,6.25,http://dx.doi.org/10.1101/2020.05.31.20118802
10.1101/2020.05.29.20086645,,25,22,1,,,,,,21.85,http://dx.doi.org/10.1101/2020.05.29.20086645
10.1101/2020.06.02.20120865,,37,30,5,,,,,2,72.41,http://dx.doi.org/10.1101/2020.06.02.20120865
10.1101/2020.06.09.20125831,,14,10,,,,,,,7.7,http://dx.doi.org/10.1101/2020.06.09.20125831
10.1101/2020.06.09.20125690,,33,25,,,,,,,17.6,http://dx.doi.org/10.1101/2020.06.09.20125690
10.1101/2020.04.19.20069922,,12,10,,,,,,,6.1,http://dx.doi.org/10.1101/2020.04.19.20069922
10.1101/2020.06.02.20120774,,40,24,,,,,,,15,http://dx.doi.org/10.1101/2020.06.02.20120774
10.1101/2020.04.07.030734,bioRxiv,119,81,4,,,,,1,69.858,http://dx.doi.org/10.1101/2020.04.07.030734
10.1101/2020.06.04.135046,bioRxiv,41,28,,,,,,1,19.43,http://dx.doi.org/10.1101/2020.06.04.135046
10.1101/2020.02.20.958272,bioRxiv,11,8,,,,,,,3.75,http://dx.doi.org/10.1101/2020.02.20.958272
10.1101/2020.05.28.121640,bioRxiv,548,521,,,,,,1,302.53,http://dx.doi.org/10.1101/2020.05.28.121640
10.1101/2020.05.11.089375,bioRxiv,81,72,1,,,,,,50.85,http://dx.doi.org/10.1101/2020.05.11.089375
10.1101/2020.04.20.051656,bioRxiv,99,88,,,,,,,48.8,http://dx.doi.org/10.1101/2020.04.20.051656
10.1101/2020.05.22.111005,bioRxiv,80,70,,,,,,1,50.604,http://dx.doi.org/10.1101/2020.05.22.111005
10.1101/2020.05.06.081497,bioRxiv,227,158,33,,,,,4,386.51,http://dx.doi.org/10.1101/2020.05.06.081497
10.1101/2020.05.16.099317,bioRxiv,49,45,1,,,,,,35.95,http://dx.doi.org/10.1101/2020.05.16.099317
10.1101/2020.05.10.087288,bioRxiv,55,46,1,,1,,,,34.35,http://dx.doi.org/10.1101/2020.05.10.087288
10.1101/2020.05.05.079095,bioRxiv,93,80,3,,,,,2,73.914,http://dx.doi.org/10.1101/2020.05.05.079095
10.1101/2020.04.21.051912,bioRxiv,138,131,2,,,,,,112.05,http://dx.doi.org/10.1101/2020.04.21.051912
10.1101/2020.05.18.102038,bioRxiv,97,73,,,,,,1,50.73,http://dx.doi.org/10.1101/2020.05.18.102038
10.1101/2020.05.14.096016,bioRxiv,34,28,,,,,,,16.55,http://dx.doi.org/10.1101/2020.05.14.096016
10.1101/2020.05.21.108035,bioRxiv,166,148,,,,,,,89.9,http://dx.doi.org/10.1101/2020.05.21.108035
10.1101/2020.05.15.096719,bioRxiv,32,29,,,,,,,12.6,http://dx.doi.org/10.1101/2020.05.15.096719
10.1101/2020.05.18.103184,bioRxiv,14,10,,,,,,,5.5,http://dx.doi.org/10.1101/2020.05.18.103184
10.1101/2020.05.09.086165,bioRxiv,313,229,29,,1,,,,401.4,http://dx.doi.org/10.1101/2020.05.09.086165
10.1101/2020.04.21.053017,bioRxiv,54,36,,,,,,,23.4,http://dx.doi.org/10.1101/2020.04.21.053017
10.1101/2020.05.15.098079,bioRxiv,19,13,,,,,,,5.75,http://dx.doi.org/10.1101/2020.05.15.098079
10.1101/2020.04.17.045161,bioRxiv,37,35,,,,,,,18.95,http://dx.doi.org/10.1101/2020.04.17.045161
10.1101/2020.05.15.098731,bioRxiv,148,131,1,,,,,,92.3,http://dx.doi.org/10.1101/2020.05.15.098731
10.1101/2020.04.24.059527,bioRxiv,60,28,,,,,,,15,http://dx.doi.org/10.1101/2020.04.24.059527
10.1101/2020.04.17.047498,bioRxiv,23,17,,,,,,,7.2,http://dx.doi.org/10.1101/2020.04.17.047498
10.1101/2020.05.08.084806,bioRxiv,177,118,,,,,,1,88.996,http://dx.doi.org/10.1101/2020.05.08.084806
10.1101/2020.05.21.109272,bioRxiv,557,356,,,,,,,239.7,http://dx.doi.org/10.1101/2020.05.21.109272
10.1101/2020.04.24.056259,bioRxiv,31,28,,,,,,,14.85,http://dx.doi.org/10.1101/2020.04.24.056259
10.1101/2020.05.23.112235,bioRxiv,9,7,,,,,,,4.25,http://dx.doi.org/10.1101/2020.05.23.112235
10.1101/2020.04.22.056283,bioRxiv,343,284,5,,1,,,3,231.868,http://dx.doi.org/10.1101/2020.04.22.056283
10.1101/2020.04.27.064139,bioRxiv,6,6,,,,,,,3,http://dx.doi.org/10.1101/2020.04.27.064139
10.1101/2020.05.09.086249,bioRxiv,240,194,4,,1,,,1,168.33,http://dx.doi.org/10.1101/2020.05.09.086249
10.1101/2020.05.22.111187,bioRxiv,69,47,,,,,,2,42.594,http://dx.doi.org/10.1101/2020.05.22.111187
10.1101/2020.05.08.082701,bioRxiv,39,24,3,,,,,,42.55,http://dx.doi.org/10.1101/2020.05.08.082701
10.1101/2020.05.12.091256,bioRxiv,11,10,,,,,,,6.1,http://dx.doi.org/10.1101/2020.05.12.091256
10.1101/2020.05.16.091520,bioRxiv,54,39,,,,,,,24.75,http://dx.doi.org/10.1101/2020.05.16.091520
10.1101/2020.04.07.023903,bioRxiv,838,720,1,,,,,2,415.01,http://dx.doi.org/10.1101/2020.04.07.023903
10.1101/2020.05.16.088989,bioRxiv,45,35,,,,,,,23.1,http://dx.doi.org/10.1101/2020.05.16.088989
10.1101/2020.04.21.042911,bioRxiv,13,11,,,,,,,5.75,http://dx.doi.org/10.1101/2020.04.21.042911
10.1101/2020.05.01.073387,bioRxiv,16,10,,,,,,,3.75,http://dx.doi.org/10.1101/2020.05.01.073387
10.1101/2020.03.20.000885,bioRxiv,253,193,2,,,,,,159,http://dx.doi.org/10.1101/2020.03.20.000885
10.1101/2020.03.31.018978,bioRxiv,59,53,,,,,,,37.2,http://dx.doi.org/10.1101/2020.03.31.018978
10.1101/2020.02.05.936013,bioRxiv,34,29,1,,,,,,26.35,http://dx.doi.org/10.1101/2020.02.05.936013
10.1101/2020.05.14.096727,bioRxiv,26,24,,,,,,,14.45,http://dx.doi.org/10.1101/2020.05.14.096727
10.1101/2020.03.26.010322,bioRxiv,400,302,12,,,,,3,310.29,http://dx.doi.org/10.1101/2020.03.26.010322
10.1101/2020.03.20.000141,bioRxiv,60,54,,,,,,2,43.66,http://dx.doi.org/10.1101/2020.03.20.000141
10.1101/2020.03.29.008631,bioRxiv,4184,3909,,,,,,1,674.33,http://dx.doi.org/10.1101/2020.03.29.008631
10.1101/2020.04.02.022764,bioRxiv,44,35,1,,,,,1,32.43,http://dx.doi.org/10.1101/2020.04.02.022764
10.1101/2020.03.16.994236,bioRxiv,69,54,2,,,,,1,50.826,http://dx.doi.org/10.1101/2020.03.16.994236
10.1101/2020.04.15.043166,bioRxiv,1579,1455,36,,4,,,4,996.986,http://dx.doi.org/10.1101/2020.04.15.043166
10.1101/2020.03.24.005900,bioRxiv,43,33,2,,,,,1,40.996,http://dx.doi.org/10.1101/2020.03.24.005900
10.1101/2020.03.15.993097,bioRxiv,97,87,,,,,,,50.6,http://dx.doi.org/10.1101/2020.03.15.993097
10.1101/2020.03.02.972935,bioRxiv,670,244,,,,,,,165.2,http://dx.doi.org/10.1101/2020.03.02.972935
10.1101/2020.04.01.019877,bioRxiv,51,48,,,,,,,29.1,http://dx.doi.org/10.1101/2020.04.01.019877
10.1101/2020.02.10.942185,bioRxiv,60,47,5,1,,,,1,73.73,http://dx.doi.org/10.1101/2020.02.10.942185
10.1101/2020.01.31.928796,bioRxiv,54,38,,,,,,,23.2,http://dx.doi.org/10.1101/2020.01.31.928796
10.1101/2020.01.30.927889,bioRxiv,18,13,2,,,,,,24.25,http://dx.doi.org/10.1101/2020.01.30.927889
10.1101/2020.04.07.030445,bioRxiv,398,328,3,,1,,,1,225.142,http://dx.doi.org/10.1101/2020.04.07.030445
10.1101/2020.03.27.012906,bioRxiv,106,86,,,,,,,48.4,http://dx.doi.org/10.1101/2020.03.27.012906
10.1101/2020.04.17.047480,bioRxiv,359,203,5,,2,,,2,188.61,http://dx.doi.org/10.1101/2020.04.17.047480
10.1101/2020.04.15.043364,bioRxiv,111,67,18,,,,,1,163.154,http://dx.doi.org/10.1101/2020.04.15.043364
10.1101/2020.03.21.001628,bioRxiv,259,227,8,,1,,,2,225.46,http://dx.doi.org/10.1101/2020.03.21.001628
10.1101/2020.04.15.20066431,,113,59,29,1,,,,3,303.98,http://dx.doi.org/10.1101/2020.04.15.20066431
10.1101/2020.05.27.120204,bioRxiv,21,19,,,,,,,11.4,http://dx.doi.org/10.1101/2020.05.27.120204
10.1101/2020.05.21.109322,bioRxiv,947,805,50,,,,,5,883.236,http://dx.doi.org/10.1101/2020.05.21.109322
10.1101/2020.05.28.119131,bioRxiv,46,39,7,,,,,,80.5,http://dx.doi.org/10.1101/2020.05.28.119131
10.1101/2020.05.12.091462,bioRxiv,92,82,1,,,,,,61.45,http://dx.doi.org/10.1101/2020.05.12.091462
10.1101/2020.05.13.093088,bioRxiv,124,102,2,,,,,,91.1,http://dx.doi.org/10.1101/2020.05.13.093088
10.1101/2020.04.29.068890,bioRxiv,55,40,4,,,,,,64.95,http://dx.doi.org/10.1101/2020.04.29.068890
10.1101/2020.05.15.097493,bioRxiv,27,25,,,,,,,13.05,http://dx.doi.org/10.1101/2020.05.15.097493
10.1101/2020.05.06.074039,bioRxiv,19,10,,,,,,,4.85,http://dx.doi.org/10.1101/2020.05.06.074039
10.1101/2020.04.21.053058,bioRxiv,158,140,,,,,,,103.95,http://dx.doi.org/10.1101/2020.04.21.053058
10.1101/2020.05.15.098616,bioRxiv,19,14,,,,,,,6.6,http://dx.doi.org/10.1101/2020.05.15.098616
10.1101/2020.05.18.101717,bioRxiv,62,52,4,,,,,1,70.58,http://dx.doi.org/10.1101/2020.05.18.101717
10.1101/2020.04.27.064279,bioRxiv,132,109,2,,,,,,91.4,http://dx.doi.org/10.1101/2020.04.27.064279
10.1101/2020.05.04.075291,bioRxiv,40,30,1,,,,,,24.2,http://dx.doi.org/10.1101/2020.05.04.075291
10.1101/2020.05.08.084996,bioRxiv,23,19,2,,1,,,,30.6,http://dx.doi.org/10.1101/2020.05.08.084996
10.1101/2020.05.20.103325,bioRxiv,76,54,15,,,,,2,142.66,http://dx.doi.org/10.1101/2020.05.20.103325
10.1101/2020.05.11.088674,bioRxiv,110,88,,,,,,1,61.48,http://dx.doi.org/10.1101/2020.05.11.088674
10.1101/2020.05.21.109546,bioRxiv,75,66,,,,,,,35.8,http://dx.doi.org/10.1101/2020.05.21.109546
10.1101/2020.05.13.092619,bioRxiv,2812,2455,25,,3,,,13,1764.602,http://dx.doi.org/10.1101/2020.05.13.092619
10.1101/2020.04.26.061705,bioRxiv,35,22,2,,,,,,31.1,http://dx.doi.org/10.1101/2020.04.26.061705
10.1101/2020.05.06.081695,bioRxiv,410,349,1,,1,,,2,230.276,http://dx.doi.org/10.1101/2020.05.06.081695
10.1101/2020.04.20.051581,bioRxiv,21,12,2,,,,,1,32.33,http://dx.doi.org/10.1101/2020.04.20.051581
10.1101/2020.05.17.100289,bioRxiv,84,75,1,,,,,1,61.93,http://dx.doi.org/10.1101/2020.05.17.100289
10.1101/2020.04.28.065201,bioRxiv,20,14,,,,,,,6.1,http://dx.doi.org/10.1101/2020.04.28.065201
10.1101/2020.05.16.099788,bioRxiv,24,18,1,,1,,,,19.6,http://dx.doi.org/10.1101/2020.05.16.099788
10.1101/2020.05.20.106401,bioRxiv,451,409,4,,,,,1,261.18,http://dx.doi.org/10.1101/2020.05.20.106401
10.1101/2020.05.22.111518,bioRxiv,23,9,12,,,,,,88.85,http://dx.doi.org/10.1101/2020.05.22.111518
10.1101/2020.05.20.105247,bioRxiv,125,116,,,,,,,70.85,http://dx.doi.org/10.1101/2020.05.20.105247
10.1101/2020.05.12.091090,bioRxiv,20,12,3,,,,,,28.5,http://dx.doi.org/10.1101/2020.05.12.091090
10.1101/2020.05.12.091082,bioRxiv,261,178,40,,,,,2,432.91,http://dx.doi.org/10.1101/2020.05.12.091082
10.1101/2020.05.17.100685,bioRxiv,23,12,,,,,,,5.45,http://dx.doi.org/10.1101/2020.05.17.100685
10.1101/2020.05.21.108381,bioRxiv,7,6,,,,,,,1.75,http://dx.doi.org/10.1101/2020.05.21.108381
10.1101/2020.04.16.044016,bioRxiv,355,324,10,,2,,,2,307.724,http://dx.doi.org/10.1101/2020.04.16.044016
10.1101/2020.04.16.045302,bioRxiv,352,301,5,,2,,,2,241.932,http://dx.doi.org/10.1101/2020.04.16.045302
10.1101/2020.03.23.004176,bioRxiv,23,17,1,,,,,,16.5,http://dx.doi.org/10.1101/2020.03.23.004176
10.1101/2020.04.20.048066,bioRxiv,374,278,6,,1,,,4,243.518,http://dx.doi.org/10.1101/2020.04.20.048066
10.1101/2020.03.03.972133,bioRxiv,13,10,,,,,,1,12.93,http://dx.doi.org/10.1101/2020.03.03.972133
10.1101/2020.03.05.979260,bioRxiv,405,339,6,,2,,,1,268.88,http://dx.doi.org/10.1101/2020.03.05.979260
10.1101/2020.05.18.102087,bioRxiv,37,33,1,,,,,,27.3,http://dx.doi.org/10.1101/2020.05.18.102087
10.1101/2020.05.12.091298,bioRxiv,43,38,,,,,,1,26.88,http://dx.doi.org/10.1101/2020.05.12.091298
10.1101/2020.05.13.092536,bioRxiv,20,14,,,,,,,6.75,http://dx.doi.org/10.1101/2020.05.13.092536
10.1101/2020.05.13.093195,bioRxiv,10161,9170,125,2,1,,,24,4328.528,http://dx.doi.org/10.1101/2020.05.13.093195
10.1101/2020.05.14.095885,bioRxiv,172,161,,,,,,,121.85,http://dx.doi.org/10.1101/2020.05.14.095885
10.1101/2020.05.15.096511,bioRxiv,33,25,,,2,,,1,21.958,http://dx.doi.org/10.1101/2020.05.15.096511
10.1101/2020.03.07.982264,bioRxiv,343,251,9,,,,,1,233.05,http://dx.doi.org/10.1101/2020.03.07.982264
10.1101/2020.03.25.008904,bioRxiv,29,26,,,,,,1,17.98,http://dx.doi.org/10.1101/2020.03.25.008904
10.1101/2020.04.24.057323,bioRxiv,37,29,,,,,,,22.15,http://dx.doi.org/10.1101/2020.04.24.057323
10.1101/2020.04.09.034967,bioRxiv,493,402,26,1,1,,,1,487.704,http://dx.doi.org/10.1101/2020.04.09.034967
10.1101/2020.03.22.002386,bioRxiv,5373,4571,81,2,8,,,14,3368.4,http://dx.doi.org/10.1101/2020.03.22.002386
10.1101/2020.03.20.001008,bioRxiv,1754,1496,10,,,,,2,842.26,http://dx.doi.org/10.1101/2020.03.20.001008
10.1101/2020.04.09.034454,bioRxiv,41,33,,,,,,,16.8,http://dx.doi.org/10.1101/2020.04.09.034454
10.1101/2020.03.30.016931,bioRxiv,77,64,1,,,,,1,52.73,http://dx.doi.org/10.1101/2020.03.30.016931
10.1101/2020.03.24.006544,bioRxiv,39,33,,,,,,,16.45,http://dx.doi.org/10.1101/2020.03.24.006544
10.1101/2020.03.19.998724,bioRxiv,64,49,2,,1,,,1,50.076,http://dx.doi.org/10.1101/2020.03.19.998724
10.1101/2020.04.02.019075,bioRxiv,66,42,,1,,,,,27.3,http://dx.doi.org/10.1101/2020.04.02.019075
10.1101/2020.03.18.997585,bioRxiv,10,8,,,,,,,5.25,http://dx.doi.org/10.1101/2020.03.18.997585
10.1101/2020.05.11.089045,bioRxiv,14,9,,,,,,,4.5,http://dx.doi.org/10.1101/2020.05.11.089045
10.1101/2020.02.04.933135,bioRxiv,96,71,3,1,,,,,72.35,http://dx.doi.org/10.1101/2020.02.04.933135
10.1101/2020.02.29.971101,bioRxiv,11,8,1,,,,,,15.25,http://dx.doi.org/10.1101/2020.02.29.971101
10.1101/2020.02.07.939207,bioRxiv,181,143,9,1,1,,,3,197.63,http://dx.doi.org/10.1101/2020.02.07.939207
10.1101/2020.02.10.942748,bioRxiv,58,41,,,,,,2,43.208,http://dx.doi.org/10.1101/2020.02.10.942748
10.1101/2020.04.05.026450,bioRxiv,117,104,1,,,,,3,89.09,http://dx.doi.org/10.1101/2020.04.05.026450
10.1101/2020.03.30.016832,bioRxiv,30,28,,,,,,,13,http://dx.doi.org/10.1101/2020.03.30.016832
10.1101/2020.03.15.992883,bioRxiv,87,77,,,,,,1,56.23,http://dx.doi.org/10.1101/2020.03.15.992883
10.1101/2020.03.04.977736,bioRxiv,31,14,,,1,,,,7.85,http://dx.doi.org/10.1101/2020.03.04.977736
10.1101/2020.03.02.968818,bioRxiv,46,43,1,,,,,,33.6,http://dx.doi.org/10.1101/2020.03.02.968818
10.1101/2020.02.11.944462,bioRxiv,990,862,5,,2,,,1,627.33,http://dx.doi.org/10.1101/2020.02.11.944462
10.1101/2020.01.22.915660,bioRxiv,1089,950,5,1,3,,,4,600.748,http://dx.doi.org/10.1101/2020.01.22.915660
10.1101/2020.04.30.20086652,,41,30,,,,,,,16.7,http://dx.doi.org/10.1101/2020.04.30.20086652
10.1101/2020.04.09.20059204,,41,32,1,,,,,,25.85,http://dx.doi.org/10.1101/2020.04.09.20059204
10.1101/2020.04.10.20060863,,15,12,,,,,,,6.25,http://dx.doi.org/10.1101/2020.04.10.20060863
10.1101/2020.04.19.20062117,,121,101,,,,,,,66.65,http://dx.doi.org/10.1101/2020.04.19.20062117
10.1101/2020.04.23.20074310,,139,122,7,,,,,,129.8,http://dx.doi.org/10.1101/2020.04.23.20074310
10.1101/2020.04.24.20079012,,129,79,1,,,,,,54.25,http://dx.doi.org/10.1101/2020.04.24.20079012
10.1101/2020.04.03.20050195,,16,5,1,,,,,,12.5,http://dx.doi.org/10.1101/2020.04.03.20050195
10.1101/2020.03.23.20041814,,8,5,2,,,,,,16,http://dx.doi.org/10.1101/2020.03.23.20041814
10.1101/2020.04.26.20079756,,26,13,2,,,,,,24.65,http://dx.doi.org/10.1101/2020.04.26.20079756
10.1101/2020.04.08.20057067,,61,14,43,,,,,1,357.132,http://dx.doi.org/10.1101/2020.04.08.20057067
10.1101/2020.04.27.20082107,,35,32,,,,,,,18.2,http://dx.doi.org/10.1101/2020.04.27.20082107
10.1101/2020.04.04.20047886,,83,63,,,,,,,43.3,http://dx.doi.org/10.1101/2020.04.04.20047886
10.1101/2020.04.22.20075416,,27,26,,,,,,,17.25,http://dx.doi.org/10.1101/2020.04.22.20075416
10.1101/2020.04.17.20069930,,217,167,1,,,,,,108.8,http://dx.doi.org/10.1101/2020.04.17.20069930
10.1101/2020.04.29.20085233,,5,5,,,,,,,2.75,http://dx.doi.org/10.1101/2020.04.29.20085233
10.1101/2020.04.29.20083717,,101,79,3,,,,,,77,http://dx.doi.org/10.1101/2020.04.29.20083717
10.1101/2020.03.25.20043828,,271,212,21,,,,,2,320.326,http://dx.doi.org/10.1101/2020.03.25.20043828
10.1101/2020.04.20.20073338,,129,118,,,,,,,81.65,http://dx.doi.org/10.1101/2020.04.20.20073338
10.1101/2020.03.26.20044263,,24,19,4,,,,,,39.2,http://dx.doi.org/10.1101/2020.03.26.20044263
10.1101/2020.04.16.20065920,,13111,10427,410,3,19,,,27,9984.782,http://dx.doi.org/10.1101/2020.04.16.20065920
10.1101/2020.04.19.20065219,,9,8,,,,,,,4.85,http://dx.doi.org/10.1101/2020.04.19.20065219
10.1101/2020.03.22.20041145,,9,5,2,,,,,,19.75,http://dx.doi.org/10.1101/2020.03.22.20041145
10.1101/2020.04.04.20050427,,20,16,,,,,,,11.75,http://dx.doi.org/10.1101/2020.04.04.20050427
10.1101/2020.04.27.20077016,,18,14,,,1,,,,8.3,http://dx.doi.org/10.1101/2020.04.27.20077016
10.1101/2020.03.02.20029868,,18,13,,,,,,,8.95,http://dx.doi.org/10.1101/2020.03.02.20029868
10.1101/2020.04.29.20066506,,22,16,,,,,,,11.4,http://dx.doi.org/10.1101/2020.04.29.20066506
10.1101/2020.04.15.20066746,,38,28,4,,,,,1,58.63,http://dx.doi.org/10.1101/2020.04.15.20066746
10.1101/2020.04.14.20059501,,10,9,,,,,,,4.5,http://dx.doi.org/10.1101/2020.04.14.20059501
10.1101/2020.04.19.20069948,,17,13,,,,,,,7.95,http://dx.doi.org/10.1101/2020.04.19.20069948
10.1101/2020.04.01.20049767,,53,42,,,,,,,25.05,http://dx.doi.org/10.1101/2020.04.01.20049767
10.1101/2020.04.08.20058719,,196,190,,,,,,,141.45,http://dx.doi.org/10.1101/2020.04.08.20058719
10.1101/2020.04.23.20076737,,291,270,1,,,,,,188.55,http://dx.doi.org/10.1101/2020.04.23.20076737
10.1101/2020.04.09.20059964,,173,140,2,,,,,,115.6,http://dx.doi.org/10.1101/2020.04.09.20059964
10.1101/2020.04.22.20075762,,10,7,,,,,,,3.7,http://dx.doi.org/10.1101/2020.04.22.20075762
10.1101/2020.04.29.20085514,,15,12,,,,,,,6.35,http://dx.doi.org/10.1101/2020.04.29.20085514
10.1101/2020.04.29.20085456,,11,9,,,,,,,6.2,http://dx.doi.org/10.1101/2020.04.29.20085456
10.1101/2020.04.17.20069641,,14,12,,,,,,,8.2,http://dx.doi.org/10.1101/2020.04.17.20069641
10.1101/2020.04.11.20056010,,712,571,38,,,,,6,731.986,http://dx.doi.org/10.1101/2020.04.11.20056010
10.1101/2020.03.30.20047993,,41,34,,,,,,,20.85,http://dx.doi.org/10.1101/2020.03.30.20047993
10.1101/2020.04.03.20051706,,55,47,,,,,,,33.65,http://dx.doi.org/10.1101/2020.04.03.20051706
10.1101/2020.04.08.20057661,,10,8,,,,,,,4.25,http://dx.doi.org/10.1101/2020.04.08.20057661
10.1101/2020.03.27.20044925,,133,108,7,,1,,,1,124.35,http://dx.doi.org/10.1101/2020.03.27.20044925
10.1101/2020.04.21.20073890,,3,3,,,,,,,1.5,http://dx.doi.org/10.1101/2020.04.21.20073890
10.1101/2020.03.20.20039602,,7,7,,,,,,,4.45,http://dx.doi.org/10.1101/2020.03.20.20039602
10.1101/2020.05.13.20100925,,11,10,,,,,,,5.75,http://dx.doi.org/10.1101/2020.05.13.20100925
10.1101/2020.05.06.20093377,,29,28,,,,,,,15.7,http://dx.doi.org/10.1101/2020.05.06.20093377
10.1101/2020.05.20.20108159,,9,9,,,,,,,5.7,http://dx.doi.org/10.1101/2020.05.20.20108159
10.1101/2020.05.29.20117184,,150,103,3,,1,,,,88.2,http://dx.doi.org/10.1101/2020.05.29.20117184
10.1101/2020.05.07.20091769,,6,6,,,,,,,2.75,http://dx.doi.org/10.1101/2020.05.07.20091769
10.1101/2020.05.12.20099879,,868,726,64,,1,,,6,1011.842,http://dx.doi.org/10.1101/2020.05.12.20099879
10.1101/2020.05.03.20084442,,129,112,4,,,,,1,110.73,http://dx.doi.org/10.1101/2020.05.03.20084442
10.1101/2020.05.28.20115758,,330,297,1,,1,,,,182.6,http://dx.doi.org/10.1101/2020.05.28.20115758
10.1101/2020.05.14.20102038,,6,5,,,,,,,2.25,http://dx.doi.org/10.1101/2020.05.14.20102038
10.1101/2020.05.28.20116301,,26,19,6,,,,,,59.5,http://dx.doi.org/10.1101/2020.05.28.20116301
10.1101/2020.04.30.20086736,,42,29,2,,,,,,30.85,http://dx.doi.org/10.1101/2020.04.30.20086736
10.1101/2020.05.11.20098228,,19,19,,,,,,,12.6,http://dx.doi.org/10.1101/2020.05.11.20098228
10.1101/2020.05.08.20095893,,151,82,44,,2,,,1,393.172,http://dx.doi.org/10.1101/2020.05.08.20095893
10.1101/2020.05.01.20087130,,21,15,1,,,,,,17.8,http://dx.doi.org/10.1101/2020.05.01.20087130
10.1101/2020.05.17.20104604,,7,5,,,,,,,2.75,http://dx.doi.org/10.1101/2020.05.17.20104604
10.1101/2020.05.13.20100198,,11,7,,,,,,,6.75,http://dx.doi.org/10.1101/2020.05.13.20100198
10.1101/2020.05.03.20089151,,17,16,,,,,,,10.95,http://dx.doi.org/10.1101/2020.05.03.20089151
10.1101/2020.05.02.20088872,,12,10,,,,,,,5.35,http://dx.doi.org/10.1101/2020.05.02.20088872
10.1101/2020.05.24.20112300,,247,202,8,,,,,,185.75,http://dx.doi.org/10.1101/2020.05.24.20112300
10.1101/2020.05.06.20092841,,119,102,9,,,,,1,139.68,http://dx.doi.org/10.1101/2020.05.06.20092841
10.1101/2020.05.01.20088054,,55,39,1,,,,,,32.5,http://dx.doi.org/10.1101/2020.05.01.20088054
10.1101/2020.04.29.20084111,,130,99,5,,1,,,1,107.65,http://dx.doi.org/10.1101/2020.04.29.20084111
10.1101/2020.05.18.20105494,,114,93,,,,,,,61.3,http://dx.doi.org/10.1101/2020.05.18.20105494
10.1101/2020.05.15.20103655,,2533,1823,295,,1,,,16,3729.574,http://dx.doi.org/10.1101/2020.05.15.20103655
10.1101/2020.04.30.20087015,,45,34,4,,,,,,59.35,http://dx.doi.org/10.1101/2020.04.30.20087015
10.1101/2020.05.28.20115899,,16,11,,,,,,,9.45,http://dx.doi.org/10.1101/2020.05.28.20115899
10.1101/2020.05.04.20091231,,88,69,8,,,,,,112.5,http://dx.doi.org/10.1101/2020.05.04.20091231
10.1101/2020.05.13.20098186,,83,57,7,,,,,1,108.846,http://dx.doi.org/10.1101/2020.05.13.20098186
10.1101/2020.05.08.20092866,,169,157,,,,,,,98.7,http://dx.doi.org/10.1101/2020.05.08.20092866
10.1101/2020.05.21.20051300,,15,8,,,1,,,,5.95,http://dx.doi.org/10.1101/2020.05.21.20051300
10.1101/2020.05.13.20087734,,16,14,,,,,,,8.55,http://dx.doi.org/10.1101/2020.05.13.20087734
10.1101/2020.05.04.20090092,,85,70,,,,,,,42.05,http://dx.doi.org/10.1101/2020.05.04.20090092
10.1101/2020.05.23.20111435,,18,13,3,,,,,,32.7,http://dx.doi.org/10.1101/2020.05.23.20111435
10.1101/2020.05.07.20093542,,49,31,2,,1,,,,37.25,http://dx.doi.org/10.1101/2020.05.07.20093542
10.1101/2020.05.27.20114652,,28,27,,,,,,,18.85,http://dx.doi.org/10.1101/2020.05.27.20114652
10.1101/2020.05.10.20097535,,16,11,,,,,,,6.45,http://dx.doi.org/10.1101/2020.05.10.20097535
10.1101/2020.05.09.20096438,,104,96,,,,,,,69.05,http://dx.doi.org/10.1101/2020.05.09.20096438
10.1101/2020.05.05.20083436,,9,9,,,,,,,4.95,http://dx.doi.org/10.1101/2020.05.05.20083436
10.1101/2020.04.14.20065094,,30,18,5,,,,,1,53.28,http://dx.doi.org/10.1101/2020.04.14.20065094
10.1101/2020.05.28.20115642,,17,13,,,,,,,7.4,http://dx.doi.org/10.1101/2020.05.28.20115642
10.1101/2020.05.01.20086801,,396,350,,,,,,1,257.658,http://dx.doi.org/10.1101/2020.05.01.20086801
10.1101/2020.05.10.20096073,,6,6,,,,,,,2.75,http://dx.doi.org/10.1101/2020.05.10.20096073
10.1101/2020.05.26.20114124,,487,447,,,,,,1,288.234,http://dx.doi.org/10.1101/2020.05.26.20114124
10.1101/2020.05.03.20089524,,60,37,,,,,,,20.25,http://dx.doi.org/10.1101/2020.05.03.20089524
10.1101/2020.05.16.20098657,,8,8,,,,,,,5.8,http://dx.doi.org/10.1101/2020.05.16.20098657
10.1101/2020.05.19.20107482,,65,61,1,,,,,,46.9,http://dx.doi.org/10.1101/2020.05.19.20107482
10.1101/2020.05.05.20092361,,18,12,,,,,,,8.05,http://dx.doi.org/10.1101/2020.05.05.20092361
10.1101/2020.05.21.20109280,,196,144,,,1,,,,83.3,http://dx.doi.org/10.1101/2020.05.21.20109280
10.1101/2020.05.21.20109074,,12,8,,,,,,,4.75,http://dx.doi.org/10.1101/2020.05.21.20109074
10.1101/2020.04.30.20086264,,76,63,2,,,,,,67.45,http://dx.doi.org/10.1101/2020.04.30.20086264
10.1101/2020.04.23.20076885,,18,16,,,,,,,11.8,http://dx.doi.org/10.1101/2020.04.23.20076885
10.1101/2020.02.20.20025882,,45,42,,,,,,,32.2,http://dx.doi.org/10.1101/2020.02.20.20025882
10.1101/2020.03.04.20030395,,26,13,9,,,,,1,75.63,http://dx.doi.org/10.1101/2020.03.04.20030395
10.1101/2020.03.13.20035618,,143,136,,,,,,,94.95,http://dx.doi.org/10.1101/2020.03.13.20035618
10.1101/2020.05.15.20103341,,85,58,,,,,,,34.05,http://dx.doi.org/10.1101/2020.05.15.20103341
10.1101/2020.05.05.20091975,,76,69,5,,,,,1,100.716,http://dx.doi.org/10.1101/2020.05.05.20091975
10.1101/2020.05.09.20096511,,28,17,7,,,,,,63.45,http://dx.doi.org/10.1101/2020.05.09.20096511
10.1101/2020.04.30.20081257,,18,7,,,,,,,4.25,http://dx.doi.org/10.1101/2020.04.30.20081257
10.1101/2020.03.10.20033761,,146,125,,,,,,,89.3,http://dx.doi.org/10.1101/2020.03.10.20033761
10.1101/2020.02.04.20020495,,385,269,48,,,,,3,604.396,http://dx.doi.org/10.1101/2020.02.04.20020495
10.1101/2020.03.19.20039404,,53,49,,,,,,,32.6,http://dx.doi.org/10.1101/2020.03.19.20039404
10.1101/2020.02.19.20025452,,159,117,9,,,,,1,172.95,http://dx.doi.org/10.1101/2020.02.19.20025452
10.1101/2020.03.06.20032334,,608,518,12,,,,,3,496.54,http://dx.doi.org/10.1101/2020.03.06.20032334
10.1101/2020.05.04.20090803,,14,11,,,,,,,5.1,http://dx.doi.org/10.1101/2020.05.04.20090803
10.1101/2020.03.09.20033241,,295,225,55,,,,,1,602.912,http://dx.doi.org/10.1101/2020.03.09.20033241
10.1101/2020.04.22.20074336,,182,104,1,,,,,1,83.22,http://dx.doi.org/10.1101/2020.04.22.20074336
10.1101/2020.03.05.20031088,,568,539,4,,1,,,,282.6,http://dx.doi.org/10.1101/2020.03.05.20031088
10.1101/2020.02.14.20023127,,141,115,7,,,,,3,162.008,http://dx.doi.org/10.1101/2020.02.14.20023127
10.1101/2020.04.10.20060962,,121,86,1,,1,,,,70.45,http://dx.doi.org/10.1101/2020.04.10.20060962
10.1101/2020.02.21.20026435,,49,10,35,,,,,,280.7,http://dx.doi.org/10.1101/2020.02.21.20026435
10.1101/2020.04.14.20065771,,1910,1695,15,,,,,3,902.78,http://dx.doi.org/10.1101/2020.04.14.20065771
10.1101/2020.04.11.20062018,,1138,1026,34,,2,,,3,956.76,http://dx.doi.org/10.1101/2020.04.11.20062018
10.1101/2020.04.07.20056812,,40,19,5,,,,,1,60.38,http://dx.doi.org/10.1101/2020.04.07.20056812
10.1101/2020.03.27.20045815,,22,18,,,,,,,13.55,http://dx.doi.org/10.1101/2020.03.27.20045815
10.1101/2020.03.19.20039107,,1155,1057,8,,1,,,,495.85,http://dx.doi.org/10.1101/2020.03.19.20039107
10.1101/2020.03.09.20033217,,15091,12516,354,7,19,,,29,10921.324,http://dx.doi.org/10.1101/2020.03.09.20033217
10.1101/2020.03.04.20031005,,104,94,,,,,,,64.95,http://dx.doi.org/10.1101/2020.03.04.20031005
10.1101/2020.04.20.20072702,,167,108,2,,,,,1,90.2,http://dx.doi.org/10.1101/2020.04.20.20072702
10.1101/2020.04.28.20083691,,39,30,1,,,,,,29.9,http://dx.doi.org/10.1101/2020.04.28.20083691
10.1101/2020.05.02.20084673,,588,227,14,,,,,,280.65,http://dx.doi.org/10.1101/2020.05.02.20084673
10.1101/2020.03.30.20047852,,57,52,,,,,,,34.45,http://dx.doi.org/10.1101/2020.03.30.20047852
10.1101/2020.04.24.20078204,,5,5,,,,,,,2,http://dx.doi.org/10.1101/2020.04.24.20078204
10.1101/2020.04.05.20054502,,781,536,99,,4,,,22,1321.052,http://dx.doi.org/10.1101/2020.04.05.20054502
10.1101/2020.04.19.20071944,,4,4,,,,,,,1.75,http://dx.doi.org/10.1101/2020.04.19.20071944
10.1101/2020.04.13.20063669,,531,450,30,1,,,,2,583.776,http://dx.doi.org/10.1101/2020.04.13.20063669
10.1101/2020.04.20.20073080,,87,56,3,,,,,1,62.28,http://dx.doi.org/10.1101/2020.04.20.20073080
10.1101/2020.04.15.20067157,,213,201,,,,,,,138.35,http://dx.doi.org/10.1101/2020.04.15.20067157
10.1101/2020.04.29.20085738,,43,37,,,,,,,19.15,http://dx.doi.org/10.1101/2020.04.29.20085738
10.1101/2020.04.23.20076935,,80,76,,,,,,,48.8,http://dx.doi.org/10.1101/2020.04.23.20076935
10.1101/2020.04.09.20059626,,110,93,,,,,,,58.95,http://dx.doi.org/10.1101/2020.04.09.20059626
10.1101/2020.04.17.20057125,,94,88,,,,,,,63.3,http://dx.doi.org/10.1101/2020.04.17.20057125
10.1101/2020.02.04.20020479,,414,340,22,,1,,,2,454.9,http://dx.doi.org/10.1101/2020.02.04.20020479
10.1101/2020.05.30.20117788,,11,7,,,,,,,3.5,http://dx.doi.org/10.1101/2020.05.30.20117788
10.1101/2020.06.04.20122044,,23,16,2,,,,,,25.35,http://dx.doi.org/10.1101/2020.06.04.20122044
10.1101/2020.03.21.20040261,,70,50,12,,2,,,2,140.86,http://dx.doi.org/10.1101/2020.03.21.20040261
10.1101/2020.04.04.20052696,,43,35,2,,,,,,43.35,http://dx.doi.org/10.1101/2020.04.04.20052696
10.1101/2020.04.19.20070995,,15,11,,,1,,,,5.75,http://dx.doi.org/10.1101/2020.04.19.20070995
10.1101/2020.04.04.20053629,,26,24,,,,,,,17.8,http://dx.doi.org/10.1101/2020.04.04.20053629
10.1101/2020.04.23.20075796,,6,5,,,,,,,2,http://dx.doi.org/10.1101/2020.04.23.20075796
10.1101/2020.03.23.20038331,,22,19,,,,,,,13.6,http://dx.doi.org/10.1101/2020.03.23.20038331
10.1101/2020.04.11.20061960,,25,18,,,,,,,12,http://dx.doi.org/10.1101/2020.04.11.20061960
10.1101/2020.04.08.20058248,,297,280,1,,,,,,216.7,http://dx.doi.org/10.1101/2020.04.08.20058248
10.1101/2020.04.16.20068411,,7,5,,,,,,,3.35,http://dx.doi.org/10.1101/2020.04.16.20068411
10.1101/2020.04.28.20083279,,59,52,,,,,,,29.9,http://dx.doi.org/10.1101/2020.04.28.20083279
10.1101/2020.04.15.20064485,,19,10,2,,,,,,21.7,http://dx.doi.org/10.1101/2020.04.15.20064485
10.1101/2020.03.26.20044750,,3,3,,,,,,,2.25,http://dx.doi.org/10.1101/2020.03.26.20044750
10.1101/2020.03.03.20029843,,4199,3842,89,,1,,,12,2654.516,http://dx.doi.org/10.1101/2020.03.03.20029843
10.1101/2020.04.20.20072470,,34,30,,,,,,1,28.8,http://dx.doi.org/10.1101/2020.04.20.20072470
10.1101/2020.04.26.20075937,,7,6,,,,,,,2.25,http://dx.doi.org/10.1101/2020.04.26.20075937
10.1101/2020.04.29.20082065,,38,23,,,,,,,15.25,http://dx.doi.org/10.1101/2020.04.29.20082065
10.1101/2020.04.02.20051417,,234,210,10,,,,,,220.8,http://dx.doi.org/10.1101/2020.04.02.20051417
10.1101/2020.05.05.20075507,,21,16,1,,,,,,21.6,http://dx.doi.org/10.1101/2020.05.05.20075507
10.1101/2020.04.23.20077545,,8,5,,,,,,,2.75,http://dx.doi.org/10.1101/2020.04.23.20077545
10.1101/2020.04.15.20064931,,115,78,21,,,,,2,232.826,http://dx.doi.org/10.1101/2020.04.15.20064931
10.1101/2020.04.08.20058073,,412,244,82,,,,,8,873.124,http://dx.doi.org/10.1101/2020.04.08.20058073
10.1101/2020.03.13.20035568,,13,8,,,,,,,4.5,http://dx.doi.org/10.1101/2020.03.13.20035568
10.1101/2020.04.01.20050492,,7,6,,,,,,,3,http://dx.doi.org/10.1101/2020.04.01.20050492
10.1101/2020.05.03.20089078,,11,9,,,,,,,6.3,http://dx.doi.org/10.1101/2020.05.03.20089078
10.1101/2020.04.22.20076117,,532,455,1,,,,,1,247.63,http://dx.doi.org/10.1101/2020.04.22.20076117
10.1101/2020.03.26.20044693,,17,14,,,,,,,9.15,http://dx.doi.org/10.1101/2020.03.26.20044693
10.1101/2020.05.08.20095471,,602,548,10,,,,,1,447.35,http://dx.doi.org/10.1101/2020.05.08.20095471
10.1101/2020.05.14.20102491,,31,28,,,,,,1,23.216,http://dx.doi.org/10.1101/2020.05.14.20102491
10.1101/2020.05.28.20115949,,45,38,6,,,,,,75.4,http://dx.doi.org/10.1101/2020.05.28.20115949
10.1101/2020.05.04.20090944,,180,138,10,,,,,1,169.23,http://dx.doi.org/10.1101/2020.05.04.20090944
10.1101/2020.05.07.20083386,,79,63,9,,,,,,122.9,http://dx.doi.org/10.1101/2020.05.07.20083386
10.1101/2020.05.05.20092379,,113,81,1,,,,,,64.55,http://dx.doi.org/10.1101/2020.05.05.20092379
10.1101/2020.04.12.20062661,,18,14,,,,,,,8.8,http://dx.doi.org/10.1101/2020.04.12.20062661
10.1101/2020.05.19.20107144,,123,97,7,,1,,,,129.7,http://dx.doi.org/10.1101/2020.05.19.20107144
10.1101/2020.05.21.20109116,,7,7,,,,,,,3,http://dx.doi.org/10.1101/2020.05.21.20109116
10.1101/2020.05.11.20097980,,7,5,,,,,,,5.75,http://dx.doi.org/10.1101/2020.05.11.20097980
10.1101/2020.05.20.20104398,,11,10,,,,,,,6.2,http://dx.doi.org/10.1101/2020.05.20.20104398
10.1101/2020.05.12.20073577,,14,11,,,,,,,6.8,http://dx.doi.org/10.1101/2020.05.12.20073577
10.1101/2020.05.08.20093229,,70,61,1,,,,,,52.25,http://dx.doi.org/10.1101/2020.05.08.20093229
10.1101/2020.05.16.20103408,,3,3,,,,,,,1.5,http://dx.doi.org/10.1101/2020.05.16.20103408
10.1101/2020.05.01.20087429,,24,23,,,,,,,12.5,http://dx.doi.org/10.1101/2020.05.01.20087429
10.1101/2020.05.28.20115667,,249,227,9,,,,,1,215.23,http://dx.doi.org/10.1101/2020.05.28.20115667
10.1101/2020.05.04.20086322,,315,270,1,,,,,,169,http://dx.doi.org/10.1101/2020.05.04.20086322
10.1101/2020.05.06.20093070,,74,46,,,,,,,27.8,http://dx.doi.org/10.1101/2020.05.06.20093070
10.1101/2020.05.27.20114090,,19,17,,,,,,,10.9,http://dx.doi.org/10.1101/2020.05.27.20114090
10.1101/2020.04.08.20058313,,4,3,,,,,,,0.75,http://dx.doi.org/10.1101/2020.04.08.20058313
10.1101/2020.03.09.20033530,,16,10,1,,,,,,16.5,http://dx.doi.org/10.1101/2020.03.09.20033530
10.1101/2020.05.03.20086819,,4,4,,,,,,,2.5,http://dx.doi.org/10.1101/2020.05.03.20086819
10.1101/2020.05.26.20114058,,6,6,,,,,,,3.75,http://dx.doi.org/10.1101/2020.05.26.20114058
10.1101/2020.05.29.20116004,,81,63,10,,,,,1,125.78,http://dx.doi.org/10.1101/2020.05.29.20116004
10.1101/2020.05.21.20109397,,14,13,,,,,,,9.3,http://dx.doi.org/10.1101/2020.05.21.20109397
10.1101/2020.04.29.20085506,,49,38,3,,,,,,48.4,http://dx.doi.org/10.1101/2020.04.29.20085506
10.1101/2020.05.12.20099135,,28,24,,,,,,,16.4,http://dx.doi.org/10.1101/2020.05.12.20099135
10.1101/2020.05.19.20103036,,24,17,,,,,,,9.05,http://dx.doi.org/10.1101/2020.05.19.20103036
10.1101/2020.04.24.20078576,,29,19,,,,,,,11.25,http://dx.doi.org/10.1101/2020.04.24.20078576
10.1101/2020.04.30.20077594,,107,88,,,,,,,67.1,http://dx.doi.org/10.1101/2020.04.30.20077594
10.1101/2020.04.16.20067306,,7,3,,,1,,,,1.75,http://dx.doi.org/10.1101/2020.04.16.20067306
10.1101/2020.05.09.20096560,,10,7,,,,,,,3.1,http://dx.doi.org/10.1101/2020.05.09.20096560
10.1101/2020.05.03.20089920,,6,6,,,,,,,2.7,http://dx.doi.org/10.1101/2020.05.03.20089920
10.1101/2020.04.20.20072116,,78,56,1,,,,,,48.3,http://dx.doi.org/10.1101/2020.04.20.20072116
10.1101/2020.05.29.20116376,,31,25,,,,,,,16.75,http://dx.doi.org/10.1101/2020.05.29.20116376
10.1101/2020.05.15.20103226,,15,15,,,,,,,10.55,http://dx.doi.org/10.1101/2020.05.15.20103226
10.1101/2020.05.19.20106344,,14,13,1,,,,,,15.7,http://dx.doi.org/10.1101/2020.05.19.20106344
10.1101/2020.05.08.20031666,,5,3,1,,,,,,11.25,http://dx.doi.org/10.1101/2020.05.08.20031666
10.1101/2020.05.17.20101915,,9,6,,,,,,1,10.33,http://dx.doi.org/10.1101/2020.05.17.20101915
10.1101/2020.05.25.20112433,,2,2,,,,,,,1.25,http://dx.doi.org/10.1101/2020.05.25.20112433
10.1101/2020.04.25.20074856,,118,61,35,,,,,2,316.45,http://dx.doi.org/10.1101/2020.04.25.20074856
10.1101/2020.04.28.20083865,,8,8,,,,,,,4,http://dx.doi.org/10.1101/2020.04.28.20083865
10.1101/2020.05.08.20095505,,105,99,1,,,,,,85,http://dx.doi.org/10.1101/2020.05.08.20095505
10.1101/2020.05.05.20092452,,22,16,,,,,,,9.55,http://dx.doi.org/10.1101/2020.05.05.20092452
10.1101/2020.05.04.20090746,,16,14,,,,,,,9.45,http://dx.doi.org/10.1101/2020.05.04.20090746
10.1101/2020.05.03.20089813,,9,8,,,,,,,5.25,http://dx.doi.org/10.1101/2020.05.03.20089813
10.1101/2020.05.02.20082461,,11,9,,,,,,,8.5,http://dx.doi.org/10.1101/2020.05.02.20082461
10.1101/2020.05.15.20096552,,19,12,2,,,,,,25.9,http://dx.doi.org/10.1101/2020.05.15.20096552
10.1101/2020.05.02.20088765,,105,95,,,,,,,60.85,http://dx.doi.org/10.1101/2020.05.02.20088765
10.1101/2020.05.29.20116426,,22,20,,,,,,,12.1,http://dx.doi.org/10.1101/2020.05.29.20116426
10.1101/2020.05.17.20104943,,86,68,6,,,,,1,96.68,http://dx.doi.org/10.1101/2020.05.17.20104943
10.1101/2020.04.19.20069997,,41,28,1,,,,,,28.5,http://dx.doi.org/10.1101/2020.04.19.20069997
10.1101/2020.05.18.20105171,,39,32,1,,,,,,29.4,http://dx.doi.org/10.1101/2020.05.18.20105171
10.1101/2020.05.04.20090845,,9,8,,,,,,,4.5,http://dx.doi.org/10.1101/2020.05.04.20090845
10.1101/2020.05.21.20108738,,9,5,2,,,,,,19,http://dx.doi.org/10.1101/2020.05.21.20108738
10.1101/2020.05.27.20115303,,6,5,,,,,,,2,http://dx.doi.org/10.1101/2020.05.27.20115303
10.1101/2020.05.05.20091553,,6,5,,,,,,,2.75,http://dx.doi.org/10.1101/2020.05.05.20091553
10.1101/2020.01.28.20019299,,103,34,58,,,,,3,502.222,http://dx.doi.org/10.1101/2020.01.28.20019299
10.1101/2020.03.09.20033514,,60,46,,,,,,,29.1,http://dx.doi.org/10.1101/2020.03.09.20033514
10.1101/2020.04.23.20074708,,6,5,,,,,,,2.25,http://dx.doi.org/10.1101/2020.04.23.20074708
10.1101/2020.03.02.20026708,,188,173,,,,,,,110.9,http://dx.doi.org/10.1101/2020.03.02.20026708
10.1101/2020.04.27.20081893,,6580,5169,75,2,1,,,11,3588.62,http://dx.doi.org/10.1101/2020.04.27.20081893
10.1101/2020.04.29.20083485,,43,27,,,,,,1,23.53,http://dx.doi.org/10.1101/2020.04.29.20083485
10.1101/2020.03.10.20033522,,11,8,,,,,,,5.7,http://dx.doi.org/10.1101/2020.03.10.20033522
10.1101/2020.03.16.20037176,,36,28,1,,,,,2,46.38,http://dx.doi.org/10.1101/2020.03.16.20037176
10.1101/2020.04.20.20071423,,40,21,13,,,,,,103.65,http://dx.doi.org/10.1101/2020.04.20.20071423
10.1101/2020.03.13.20035238,,23,19,,,,,,1,23.35,http://dx.doi.org/10.1101/2020.03.13.20035238
10.1101/2020.02.13.20022707,,394,286,51,,,,,5,659.954,http://dx.doi.org/10.1101/2020.02.13.20022707
10.1101/2020.03.17.20037713,,9404,7815,134,,10,,,14,4899.902,http://dx.doi.org/10.1101/2020.03.17.20037713
10.1101/2020.04.11.20060749,,9,8,,,,,,,4.75,http://dx.doi.org/10.1101/2020.04.11.20060749
10.1101/2020.04.13.20063776,,15,13,,,,,,,6.7,http://dx.doi.org/10.1101/2020.04.13.20063776
10.1101/2020.04.13.20063784,,1186,986,46,,3,,,2,1120.68,http://dx.doi.org/10.1101/2020.04.13.20063784
10.1101/2020.04.02.20051177,,435,378,20,,,,,2,469.184,http://dx.doi.org/10.1101/2020.04.02.20051177
10.1101/2020.03.06.20032417,,22,21,,,,,,,15.5,http://dx.doi.org/10.1101/2020.03.06.20032417
10.1101/2020.02.21.20026328,,123,117,,,,,,,70.65,http://dx.doi.org/10.1101/2020.02.21.20026328
10.1101/2020.02.09.20021261,,253,220,9,,,,,2,245.18,http://dx.doi.org/10.1101/2020.02.09.20021261
10.1101/2020.01.28.20019224,,99,78,7,,,,,1,113.222,http://dx.doi.org/10.1101/2020.01.28.20019224
10.1101/2020.02.05.20020750,,57,50,,,,,,,40.65,http://dx.doi.org/10.1101/2020.02.05.20020750