PMID,PMCID,DOI,Version,MID,IsCurrent,IsLive,ReleaseDate,Msg
33052356,PMC7553173,10.1101/2020.10.07.20208231,,,,1,,
33052353,PMC7553167,10.1101/2020.10.08.20209650,,,,1,,
33052363,PMC7553188,10.1101/2020.10.02.20204859,,,,1,,
33052360,PMC7553180,10.1101/2020.10.05.20206953,,,,1,,
33052359,PMC7553179,10.1101/2020.10.07.20208488,,,,1,,
33052357,PMC7553177,10.1101/2020.10.05.20201574,,,,1,,
33052355,PMC7553172,10.1101/2020.10.07.20208520,,,,1,,
33052354,PMC7553168,10.1101/2020.10.05.20203976,,,,1,,
33052352,PMC7553156,10.1101/2020.10.08.20208546,,,,1,,
33024972,PMC7536876,10.1101/2020.09.30.320762,,,,1,,
33024970,PMC7536873,10.1101/2020.09.26.314971,,,,1,,
33024966,PMC7536869,10.1101/2020.10.02.323915,,,,1,,
33024964,PMC7536867,10.1101/2020.09.30.320903,,,,1,,
33024975,PMC7536896,10.1101/2020.10.04.325423,,,,1,,
33024974,PMC7536879,10.1101/2020.09.29.319731,,,,1,,
33024973,PMC7536877,10.1101/2020.09.28.317206,,,,1,,
33024971,PMC7536874,10.1101/2020.09.27.316018,,,,1,,
33024969,PMC7536872,10.1101/2020.09.28.317685,,,,1,,
33024968,PMC7536871,10.1101/2020.10.02.324228,,,,1,,
33024967,PMC7536870,10.1101/2020.09.29.319566,,,,1,,
33024965,PMC7536868,10.1101/2020.10.02.324145,,,,1,,
33024963,PMC7536866,10.1101/2020.09.30.318972,,,,1,,
33024962,PMC7536865,10.1101/2020.09.25.313601,,,,1,,
33024984,PMC7536886,10.1101/2020.10.01.20205377,,,,1,,
33024982,PMC7536884,10.1101/2020.09.30.20201830,,,,1,,
33024980,PMC7536882,10.1101/2020.09.30.20203315,,,,1,,
33024979,PMC7536881,10.1101/2020.09.30.20204529,,,,1,,
33024978,PMC7536880,10.1101/2020.08.07.20169920,,,,1,,
33024977,PMC7536878,10.1101/2020.09.22.20199125,,,,1,,
33024976,PMC7536875,10.1101/2020.09.26.20202457,,,,1,,
33024985,PMC7536887,10.1101/2020.09.29.20200469,,,,1,,
33024983,PMC7536885,10.1101/2020.10.01.20205393,,,,1,,
33024981,PMC7536883,10.1101/2020.09.30.20204230,,,,1,,
32995798,PMC7523209,10.1101/2020.09.24.312165,,,,1,,
32995797,PMC7523129,10.1101/2020.09.24.312553,,,,1,,
32995796,PMC7523126,10.1101/2020.09.17.301861,,,,1,,
32995795,PMC7523125,10.1101/2020.09.21.306720,,,,1,,
32995792,PMC7523118,10.1101/2020.09.15.298547,,,,1,,
32995790,PMC7523116,10.1101/2020.09.21.305698,,,,1,,
32995788,PMC7523114,10.1101/2020.09.21.305441,,,,1,,
32995784,PMC7523110,10.1101/2020.09.24.298851,,,,1,,
32995781,PMC7523107,10.1101/2020.09.24.311845,,,,1,,
32995780,PMC7523106,10.1101/2020.09.16.300277,,,,1,,
32995778,PMC7523104,10.1101/2020.07.17.207563,,,,1,,
32995777,PMC7523103,10.1101/2020.09.18.302901,,,,1,,
32995776,PMC7523102,10.1101/2020.09.13.295493,,,,1,,
32995773,PMC7523099,10.1101/2020.09.14.296715,,,,1,,
32995770,PMC7523096,10.1101/2020.09.22.308965,,,,1,,
32995769,PMC7523095,10.1101/2020.09.16.300459,,,,1,,
32995767,PMC7523093,10.1101/2020.09.25.314070,,,,1,,
32995794,PMC7523124,10.1101/2020.09.23.310565,,,,1,,
32995793,PMC7523121,10.1101/2020.09.17.302232,,,,1,,
32995791,PMC7523117,10.1101/2020.09.21.306837,,,,1,,
32995789,PMC7523115,10.1101/2020.09.24.312769,,,,1,,
32995787,PMC7523113,10.1101/2020.09.24.312298,,,,1,,
32995786,PMC7523112,10.1101/2020.09.15.299164,,,,1,,
32995785,PMC7523111,10.1101/2020.09.16.300970,,,,1,,
32995783,PMC7523109,10.1101/2020.09.20.300574,,,,1,,
32995782,PMC7523108,10.1101/2020.09.15.298067,,,,1,,
32995779,PMC7523105,10.1101/2020.09.14.295824,,,,1,,
32995775,PMC7523101,10.1101/2020.09.13.295691,,,,1,,
32995774,PMC7523100,10.1101/2020.09.21.300913,,,,1,,
32995772,PMC7523098,10.1101/2020.09.22.308783,,,,1,,
32995771,PMC7523097,10.1101/2020.09.16.297366,,,,1,,
32995768,PMC7523094,10.1101/2020.09.18.301952,,,,1,,
32995829,PMC7523173,10.1101/2020.09.24.20200238,,,,1,,
32995828,PMC7523170,10.1101/2020.09.22.20199802,,,,1,,
32995824,PMC7523165,10.1101/2020.09.24.20200196,,,,1,,
32995821,PMC7523162,10.1101/2020.09.20.20198531,,,,1,,
32995817,PMC7523158,10.1101/2020.09.22.20199505,,,,1,,
32995816,PMC7523157,10.1101/2020.09.22.20199174,,,,1,,
32995815,PMC7523156,10.1101/2020.09.23.20200410,,,,1,,
32995814,PMC7523153,10.1101/2020.09.17.20185090,,,,1,,
32995813,PMC7523152,10.1101/2020.09.12.20193391,,,,1,,
32995811,PMC7523150,10.1101/2020.09.15.20195453,,,,1,,
32995809,PMC7523148,10.1101/2020.09.10.20190017,,,,1,,
32995805,PMC7523144,10.1101/2020.09.15.20195511,,,,1,,
32995803,PMC7523142,10.1101/2020.09.16.20190694,,,,1,,
32995802,PMC7523141,10.1101/2020.09.14.20194670,,,,1,,
32995800,PMC7523137,10.1101/2020.09.15.20195180,,,,1,,
32995830,PMC7523175,10.1101/2020.09.22.20192443,,,,1,,
32995827,PMC7523168,10.1101/2020.09.24.20201228,,,,1,,
32995826,PMC7523167,10.1101/2020.09.25.20201863,,,,1,,
32995825,PMC7523166,10.1101/2020.09.21.20196725,,,,1,,
32995823,PMC7523164,10.1101/2020.09.25.20201582,,,,1,,
32995822,PMC7523163,10.1101/2020.09.13.20193565,,,,1,,
32995820,PMC7523161,10.1101/2020.09.18.20197327,,,,1,,
32995819,PMC7523160,10.1101/2020.09.19.20197921,,,,1,,
32995818,PMC7523159,10.1101/2020.09.21.20196220,,,,1,,
32995812,PMC7523151,10.1101/2020.09.15.20195339,,,,1,,
32995810,PMC7523149,10.1101/2020.09.15.20195099,,,,1,,
32995808,PMC7523147,10.1101/2020.08.25.20182105,,,,1,,
32995807,PMC7523146,10.1101/2020.09.16.20195552,,,,1,,
32995806,PMC7523145,10.1101/2020.07.12.20148387,,,,1,,
32995804,PMC7523143,10.1101/2020.09.16.20196071,,,,1,,
32995801,PMC7523138,10.1101/2020.09.16.20196154,,,,1,,
32995799,PMC7523136,10.1101/2020.09.15.20195263,,,,1,,
32935109,PMC7491524,10.1101/2020.09.13.276923,,,,1,,
32935107,PMC7491521,10.1101/2020.09.10.292078,,,,1,,
32935103,PMC7491517,10.1101/2020.09.08.272328,,,,1,,
32935101,PMC7491515,10.1101/2020.09.09.196220,,,,1,,
32935100,PMC7491513,10.1101/2020.09.10.286948,,,,1,,
32935097,PMC7491510,10.1101/2020.08.25.265561,,,,1,,
32935096,PMC7491509,10.1101/2020.09.11.281782,,,,1,,
32935094,PMC7491507,10.1101/2020.09.08.287482,,,,1,,
32935108,PMC7491522,10.1101/2020.06.25.169946,,,,1,,
32935106,PMC7491520,10.1101/2020.09.07.286344,,,,1,,
32935105,PMC7491519,10.1101/2020.09.11.293449,,,,1,,
32935104,PMC7491518,10.1101/2020.09.12.293498,,,,1,,
32935102,PMC7491516,10.1101/2020.09.11.293464,,,,1,,
32935099,PMC7491512,10.1101/2020.09.12.294066,,,,1,,
32935098,PMC7491511,10.1101/2020.09.11.291716,,,,1,,
32935095,PMC7491508,10.1101/2020.09.09.288555,,,,1,,
32935122,PMC7491537,10.1101/2020.09.11.20192773,,,,1,,
32935121,PMC7491536,10.1101/2020.09.07.20188813,,,,1,,
32935119,PMC7491534,10.1101/2020.09.06.20189159,,,,1,,
32935118,PMC7491533,10.1101/2020.05.15.20103531,,,,1,,
32935116,PMC7491531,10.1101/2020.09.10.20192187,,,,1,,
32935114,PMC7491529,10.1101/2020.09.08.20189092,,,,1,,
32935111,PMC7491526,10.1101/2020.09.09.20191643,,,,1,,
32935110,PMC7491514,10.1101/2020.09.11.20191692,,,,1,,
32935120,PMC7491535,10.1101/2020.09.10.20186064,,,,1,,
32935117,PMC7491532,10.1101/2020.09.07.20187666,,,,1,,
32935115,PMC7491530,10.1101/2020.09.09.20178764,,,,1,,
32935113,PMC7491528,10.1101/2020.09.07.20190165,,,,1,,
32935112,PMC7491527,10.1101/2020.09.11.20190520,,,,1,,
32908983,PMC7480044,10.1101/2020.09.04.282806,,,,1,,
32908978,PMC7480025,10.1101/2020.09.01.278689,,,,1,,
32908977,PMC7480024,10.1101/2020.09.04.283077,,,,1,,
32908985,PMC7480046,10.1101/2020.09.01.277954,,,,1,,
32908984,PMC7480045,10.1101/2020.09.01.278366,,,,1,,
32908982,PMC7480041,10.1101/2020.09.03.280370,,,,1,,
32908981,PMC7480032,10.1101/2020.02.08.939553,,,,1,,
32908980,PMC7480031,10.1101/2020.09.02.280180,,,,1,,
32908979,PMC7480027,10.1101/2020.09.04.280081,,,,1,,
32908976,PMC7480023,10.1101/2020.08.31.274639,,,,1,,
32909014,PMC7480066,10.1101/2020.08.26.20157297,,,,1,,
32909011,PMC7480063,10.1101/2020.09.01.20185850,,,,1,,
32909010,PMC7480062,10.1101/2020.08.24.20180752,,,,1,,
32909008,PMC7480060,10.1101/2020.08.04.20167874,,,,1,,
32909006,PMC7480058,10.1101/2020.08.29.20182899,,,,1,,
32909003,PMC7480055,10.1101/2020.09.02.20183830,,,,1,,
32909002,PMC7480054,10.1101/2020.09.03.20183947,,,,1,,
32909001,PMC7480053,10.1101/2020.08.27.20182808,,,,1,,
32908999,PMC7480051,10.1101/2020.08.31.20184036,,,,1,,
32908997,PMC7480049,10.1101/2020.09.04.20187088,,,,1,,
32908996,PMC7480048,10.1101/2020.08.31.20185140,,,,1,,
32908994,PMC7480043,10.1101/2020.09.01.20186445,,,,1,,
32908993,PMC7480042,10.1101/2020.08.29.20184366,,,,1,,
32908992,PMC7480040,10.1101/2020.08.18.20166835,,,,1,,
32908989,PMC7480037,10.1101/2020.09.03.20187062,,,,1,,
32908987,PMC7480035,10.1101/2020.08.31.20184788,,,,1,,
32909016,PMC7480068,10.1101/2020.08.27.20183228,,,,1,,
32909015,PMC7480067,10.1101/2020.09.02.20185983,,,,1,,
32909013,PMC7480065,10.1101/2020.08.26.20182709,,,,1,,
32909012,PMC7480064,10.1101/2020.08.30.20177543,,,,1,,
32909009,PMC7480061,10.1101/2020.08.26.20182766,,,,1,,
32909007,PMC7480059,10.1101/2020.08.31.20169946,,,,1,,
32909005,PMC7480057,10.1101/2020.08.29.20184358,,,,1,,
32909004,PMC7480056,10.1101/2020.09.01.20184101,,,,1,,
32909000,PMC7480052,10.1101/2020.09.02.20187179,,,,1,,
32908998,PMC7480050,10.1101/2020.09.01.20185884,,,,1,,
32908995,PMC7480047,10.1101/2020.09.02.20186023,,,,1,,
32908991,PMC7480039,10.1101/2020.09.04.20187724,,,,1,,
32908990,PMC7480038,10.1101/2020.08.26.20181644,,,,1,,
32908988,PMC7480036,10.1101/2020.09.01.20183897,,,,1,,
32908986,PMC7480028,10.1101/2020.08.30.20183889,,,,1,,
32869033,PMC7457622,10.1101/2020.08.26.269159,,,,1,,
32869030,PMC7457616,10.1101/2020.08.28.272518,,,,1,,
32869025,PMC7457610,10.1101/2020.06.16.155101,,,,1,,
32869024,PMC7457608,10.1101/2020.08.27.271130,,,,1,,
32869022,PMC7457604,10.1101/2020.08.22.262931,,,,1,,
32869021,PMC7457603,10.1101/2020.08.26.268854,,,,1,,
32869020,PMC7457602,10.1101/2020.08.29.272864,,,,1,,
32869017,PMC7457599,10.1101/2020.08.28.271965,,,,1,,
32869034,PMC7457627,10.1101/2020.08.24.264333,,,,1,,
32869032,PMC7457621,10.1101/2020.08.26.269183,,,,1,,
32869031,PMC7457617,10.1101/2020.08.27.270819,,,,1,,
32869029,PMC7457614,10.1101/2020.08.25.267625,,,,1,,
32869028,PMC7457613,10.1101/2020.08.28.272880,,,,1,,
32869027,PMC7457612,10.1101/2020.08.27.270637,,,,1,,
32869026,PMC7457611,10.1101/2020.08.30.273920,,,,1,,
32869023,PMC7457605,10.1101/2020.08.26.267831,,,,1,,
32869019,PMC7457601,10.1101/2020.07.17.209288,,,,1,,
32869018,PMC7457600,10.1101/2020.08.28.271957,,,,1,,
32869042,PMC7457623,10.1101/2020.08.23.20180349,,,,1,,
32869041,PMC7457620,10.1101/2020.08.24.20181123,,,,1,,
32869039,PMC7457618,10.1101/2020.08.23.20078964,,,,1,,
32869038,PMC7457615,10.1101/2020.08.24.20181271,,,,1,,
32869037,PMC7457609,10.1101/2020.08.21.20178863,,,,1,,
32869036,PMC7457607,10.1101/2020.08.23.20177501,,,,1,,
32869044,PMC7457625,10.1101/2020.05.04.20090555,,,,1,,
32869043,PMC7457624,10.1101/2020.08.21.20179473,,,,1,,
32869040,PMC7457619,10.1101/2020.08.23.20178236,,,,1,,
32869035,PMC7457606,10.1101/2020.05.23.20111419,,,,1,,
32839778,PMC7444290,10.1101/2020.08.16.253013,,,,1,,
32839776,PMC7444288,10.1101/2020.08.17.254839,,,,1,,
32839775,PMC7444286,10.1101/2020.08.20.258087,,,,1,,
32839773,PMC7444284,10.1101/2020.08.19.251249,,,,1,,
32839770,PMC7444281,10.1101/2020.08.18.256776,,,,1,,
32839779,PMC7444296,10.1101/2020.08.17.238444,,,,1,,
32839777,PMC7444289,10.1101/2020.07.10.197988,,,,1,,
32839774,PMC7444285,10.1101/2020.08.20.258129,,,,1,,
32839772,PMC7444283,10.1101/2020.08.19.255901,,,,1,,
32839771,PMC7444282,10.1101/2020.08.18.255877,,,,1,,
32839788,PMC7444307,10.1101/2020.08.17.20176925,,,,1,,
32839786,PMC7444305,10.1101/2020.08.15.20175794,,,,1,,
32839783,PMC7444299,10.1101/2020.08.17.20177006,,,,1,,
32839787,PMC7444306,10.1101/2020.08.17.20161760,,,,1,,
32839785,PMC7444304,10.1101/2020.08.17.20177022,,,,1,,
32839784,PMC7444302,10.1101/2020.08.17.20176651,,,,1,,
32839782,PMC7444298,10.1101/2020.08.17.20176552,,,,1,,
32839781,PMC7444294,10.1101/2020.08.15.20175786,,,,1,,
32839780,PMC7444293,10.1101/2020.08.18.20177071,,,,1,,
32817953,PMC7430595,10.1101/2020.08.12.246389,,,,1,,
32817952,PMC7430590,10.1101/2020.08.15.252320,,,,1,,
32817951,PMC7430586,10.1101/2020.08.14.250480,,,,1,,
32817950,PMC7430582,10.1101/2020.08.09.243246,,,,1,,
32817947,PMC7430578,10.1101/2020.08.10.244756,,,,1,,
32817945,PMC7430575,10.1101/2020.08.13.249649,,,,1,,
32817943,PMC7430573,10.1101/2020.08.11.245696,,,,1,,
32817942,PMC7430572,10.1101/2020.08.11.247320,,,,1,,
32817938,PMC7430568,10.1101/2020.08.08.238469,,,,1,,
32817937,PMC7430567,10.1101/2020.08.14.251207,,,,1,,
32817949,PMC7430581,10.1101/2020.08.14.251496,,,,1,,
32817948,PMC7430580,10.1101/2020.08.08.242511,,,,1,,
32817946,PMC7430576,10.1101/2020.08.15.252395,,,,1,,
32817944,PMC7430574,10.1101/2020.08.13.250076,,,,1,,
32817941,PMC7430571,10.1101/2020.08.11.247395,,,,1,,
32817940,PMC7430570,10.1101/2020.08.14.248880,,,,1,,
32817939,PMC7430569,10.1101/2020.08.07.242073,,,,1,,
32817936,PMC7430566,10.1101/2020.08.07.242271,,,,1,,
32817935,PMC7430565,10.1101/2020.08.12.248823,,,,1,,
32817934,PMC7430564,10.1101/2020.08.11.245100,,,,1,,
32817933,PMC7430563,10.1101/2020.08.13.250217,,,,1,,
32817985,PMC7430630,10.1101/2020.08.10.20172189,,,,1,,
32817983,PMC7430628,10.1101/2020.08.12.20173674,,,,1,,
32817982,PMC7430627,10.1101/2020.08.09.20171264,,,,1,,
32817981,PMC7430626,10.1101/2020.08.13.20174565,,,,1,,
32817979,PMC7430624,10.1101/2020.08.11.20172809,,,,1,,
32817978,PMC7430623,10.1101/2020.08.12.20169359,,,,1,,
32817974,PMC7430619,10.1101/2020.08.10.20171421,,,,1,,
32817973,PMC7430618,10.1101/2020.08.11.20172742,,,,1,,
32817970,PMC7430615,10.1101/2020.08.04.20163782,,,,1,,
32817968,PMC7430612,10.1101/2020.08.11.20171967,,,,1,,
32817966,PMC7430610,10.1101/2020.08.06.20169581,,,,1,,
32817965,PMC7430609,10.1101/2020.08.13.20174136,,,,1,,
32817961,PMC7430605,10.1101/2020.08.13.20157222,,,,1,,
32817959,PMC7430603,10.1101/2020.08.12.20173849,,,,1,,
32817958,PMC7430602,10.1101/2020.08.07.20170456,,,,1,,
32817956,PMC7430598,10.1101/2020.08.14.20174961,,,,1,,
32817984,PMC7430629,10.1101/2020.08.13.20147595,,,,1,,
32817980,PMC7430625,10.1101/2020.08.13.20173161,,,,1,,
32817977,PMC7430622,10.1101/2020.08.11.20172676,,,,1,,
32817976,PMC7430621,10.1101/2020.08.07.20170258,,,,1,,
32817975,PMC7430620,10.1101/2020.08.09.20171132,,,,1,,
32817972,PMC7430617,10.1101/2020.04.07.20053439,,,,1,,
32817971,PMC7430616,10.1101/2020.08.12.20173831,,,,1,,
32817969,PMC7430613,10.1101/2020.08.14.20174490,,,,1,,
32817967,PMC7430611,10.1101/2020.08.07.20170498,,,,1,,
32817964,PMC7430608,10.1101/2020.08.10.20169649,,,,1,,
32817963,PMC7430607,10.1101/2020.08.14.20175257,,,,1,,
32817962,PMC7430606,10.1101/2020.08.11.20171108,,,,1,,
32817960,PMC7430604,10.1101/2020.08.10.20171637,,,,1,,
32817957,PMC7430599,10.1101/2020.08.11.20171843,,,,1,,
32817955,PMC7430597,10.1101/2020.06.13.20130658,,,,1,,
32817954,PMC7430591,10.1101/2020.08.10.20171728,,,,1,,
32803198,PMC7427136,10.1101/2020.08.11.244863,,,,1,,
32803196,PMC7427131,10.1101/2020.07.17.207019,,,,1,,
32803199,PMC7427137,10.1101/2020.08.11.246314,,,,1,,
32803197,PMC7427135,10.1101/2020.08.11.246678,,,,1,,
32793913,PMC7425175,10.1101/2020.08.10.242206,,,,1,,
32793911,PMC7418737,10.1101/2020.08.05.237651,,,,1,,
32793910,PMC7418730,10.1101/2020.08.03.231340,,,,1,,
32793909,PMC7418729,10.1101/2020.08.07.241877,,,,1,,
32793907,PMC7418721,10.1101/2020.08.03.234005,,,,1,,
32793905,PMC7418719,10.1101/2020.08.03.234914,,,,1,,
32793904,PMC7418718,10.1101/2020.08.05.238394,,,,1,,
32793903,PMC7418717,10.1101/2020.08.06.239798,,,,1,,
32793900,PMC7418714,10.1101/2020.08.06.240333,,,,1,,
32793898,PMC7418712,10.1101/2020.08.03.235291,,,,1,,
32793912,PMC7418741,10.1101/2020.08.07.241810,,,,1,,
32793908,PMC7418728,10.1101/2020.08.02.230839,,,,1,,
32793906,PMC7418720,10.1101/2020.08.02.233536,,,,1,,
32793902,PMC7418716,10.1101/2020.08.05.238360,,,,1,,
32793901,PMC7418715,10.1101/2020.08.06.234674,,,,1,,
32793899,PMC7418713,10.1101/2020.08.03.235242,,,,1,,
32793933,PMC7418763,10.1101/2020.08.05.20168476,,,,1,,
32793931,PMC7418758,10.1101/2020.08.02.20166819,,,,1,,
32793929,PMC7418756,10.1101/2020.07.23.20160317,,,,1,,
32793928,PMC7418752,10.1101/2020.08.05.20169128,,,,1,,
32793927,PMC7418751,10.1101/2020.07.29.20164525,,,,1,,
32793924,PMC7418742,10.1101/2020.08.03.20165233,,,,1,,
32793923,PMC7418740,10.1101/2020.06.29.20141564,,,,1,,
32793920,PMC7418735,10.1101/2020.06.16.20133140,,,,1,,
32793919,PMC7418734,10.1101/2020.07.31.20165647,,,,1,,
32793916,PMC7418731,10.1101/2020.07.31.20166041,,,,1,,
32793915,PMC7418727,10.1101/2020.08.05.20168146,,,,1,,
32793934,PMC7418765,10.1101/2020.08.06.20169797,,,,1,,
32793932,PMC7418762,10.1101/2020.08.06.20169565,,,,1,,
32793930,PMC7418757,10.1101/2020.07.27.20163071,,,,1,,
32793926,PMC7418747,10.1101/2020.08.05.20168971,,,,1,,
32793925,PMC7418746,10.1101/2020.08.01.20166173,,,,1,,
32793922,PMC7418739,10.1101/2020.07.26.20162453,,,,1,,
32793921,PMC7418736,10.1101/2020.07.31.20166066,,,,1,,
32793918,PMC7418733,10.1101/2020.08.05.20169086,,,,1,,
32793917,PMC7418732,10.1101/2020.08.03.20167056,,,,1,,
32793914,PMC7418726,10.1101/2020.08.03.20167395,,,,1,,
32766592,PMC7402070,10.1101/2020.07.29.227389,,,,1,,
32766590,PMC7402059,10.1101/2020.07.27.223727,,,,1,,
32766589,PMC7402058,10.1101/2020.07.30.229377,,,,1,,
32766588,PMC7402049,10.1101/2020.07.28.226092,,,,1,,
32766586,PMC7402043,10.1101/2020.07.31.231746,,,,1,,
32766585,PMC7402042,10.1101/2020.07.27.224063,,,,1,,
32766584,PMC7402041,10.1101/2020.07.27.218115,,,,1,,
32766582,PMC7402039,10.1101/2020.07.28.223784,,,,1,,
32766577,PMC7402034,10.1101/2020.07.29.227462,,,,1,,
32766576,PMC7402033,10.1101/2020.07.31.230730,,,,1,,
32766572,PMC7402029,10.1101/2020.07.30.229120,,,,1,,
32766591,PMC7402069,10.1101/2020.07.27.223578,,,,1,,
32766587,PMC7402048,10.1101/2020.07.30.228023,,,,1,,
32766583,PMC7402040,10.1101/2020.07.29.227249,,,,1,,
32766581,PMC7402038,10.1101/2020.07.31.190454,,,,1,,
32766580,PMC7402037,10.1101/2020.07.31.231274,,,,1,,
32766579,PMC7402036,10.1101/2020.07.27.223495,,,,1,,
32766578,PMC7402035,10.1101/2020.07.30.228890,,,,1,,
32766575,PMC7402032,10.1101/2020.07.28.225151,,,,1,,
32766574,PMC7402031,10.1101/2020.07.30.227553,,,,1,,
32766573,PMC7402030,10.1101/2020.07.30.229146,,,,1,,
32766604,PMC7402063,10.1101/2020.07.29.20163949,,,,1,,
32766603,PMC7402061,10.1101/2020.07.30.20165159,,,,1,,
32766602,PMC7402057,10.1101/2020.07.27.20163147,,,,1,,
32766596,PMC7402051,10.1101/2020.07.29.20164590,,,,1,,
32766595,PMC7402047,10.1101/2020.07.16.20155614,,,,1,,
32766608,PMC7402071,10.1101/2020.07.27.20163188,,,,1,,
32766607,PMC7402067,10.1101/2020.07.29.20164020,,,,1,,
32766606,PMC7402065,10.1101/2020.07.28.20163618,,,,1,,
32766605,PMC7402064,10.1101/2020.07.23.20069468,,,,1,,
32766601,PMC7402056,10.1101/2020.07.26.20162297,,,,1,,
32766600,PMC7402055,10.1101/2020.07.30.20165241,,,,1,,
32766599,PMC7402054,10.1101/2020.07.25.20162024,,,,1,,
32766598,PMC7402053,10.1101/2020.07.29.20164665,,,,1,,
32766597,PMC7402052,10.1101/2020.07.30.20164970,,,,1,,
32766594,PMC7402046,10.1101/2020.07.30.20163824,,,,1,,
32766593,PMC7402045,10.1101/2020.07.25.20161091,,,,1,,
32743590,PMC7388488,10.1101/2020.07.18.210161,,,,1,,
32743589,PMC7386510,10.1101/2020.07.18.209270,,,,1,,
32743587,PMC7386507,10.1101/2020.07.23.218784,,,,1,,
32743586,PMC7386506,10.1101/2020.07.19.211235,,,,1,,
32743585,PMC7386505,10.1101/2020.07.22.215962,,,,1,,
32743582,PMC7386501,10.1101/2020.07.24.220715,,,,1,,
32743580,PMC7386498,10.1101/2020.07.26.222232,,,,1,,
32743579,PMC7386497,10.1101/2020.07.21.214759,,,,1,,
32743577,PMC7386494,10.1101/2020.07.19.210955,,,,1,,
32743575,PMC7386492,10.1101/2020.07.16.206680,,,,1,,
32743574,PMC7386491,10.1101/2020.07.24.205583,,,,1,,
32743572,PMC7386489,10.1101/2020.07.21.212704,,,,1,,
32743571,PMC7386488,10.1101/2020.07.26.221861,,,,1,,
32743569,PMC7386486,10.1101/2020.07.21.214932,,,,1,,
32743567,PMC7386484,10.1101/2020.07.23.218529,,,,1,,
32743588,PMC7386509,10.1101/2020.07.21.214346,,,,1,,
32743584,PMC7386504,10.1101/2020.07.18.210211,,,,1,,
32743583,PMC7386503,10.1101/2020.07.27.212076,,,,1,,
32743581,PMC7386500,10.1101/2020.07.26.219741,,,,1,,
32743578,PMC7386495,10.1101/2020.06.25.172403,,,,1,,
32743576,PMC7386493,10.1101/2020.07.18.206946,,,,1,,
32743573,PMC7386490,10.1101/2020.07.22.216358,,,,1,,
32743570,PMC7386487,10.1101/2020.07.27.222943,,,,1,,
32743568,PMC7386485,10.1101/2020.07.23.212357,,,,1,,
32743614,PMC7388490,10.1101/2020.07.17.20156513,,,,1,,
32743610,PMC7386534,10.1101/2020.07.19.20157198,,,,1,,
32743609,PMC7386533,10.1101/2020.07.19.20157362,,,,1,,
32743607,PMC7386531,10.1101/2020.07.23.20161000,,,,1,,
32743605,PMC7386529,10.1101/2020.07.22.20157263,,,,1,,
32743599,PMC7386523,10.1101/2020.07.21.20159376,,,,1,,
32743597,PMC7386521,10.1101/2020.07.17.20152389,,,,1,,
32743596,PMC7386520,10.1101/2020.07.25.20161968,,,,1,,
32743595,PMC7386519,10.1101/2020.07.20.20151506,,,,1,,
32743592,PMC7386516,10.1101/2020.07.15.20154443,,,,1,,
32743591,PMC7386515,10.1101/2020.07.16.20155531,,,,1,,
32743615,PMC7388491,10.1101/2020.07.17.20156497,,,,1,,
32743613,PMC7388489,10.1101/2020.07.17.20156232,,,,1,,
32743612,PMC7388487,10.1101/2020.07.17.20156281,,,,1,,
32743611,PMC7386732,10.1101/2020.07.23.20161182,,,,1,,
32743608,PMC7386532,10.1101/2020.07.21.20159327,,,,1,,
32743606,PMC7386530,10.1101/2020.07.20.20151019,,,,1,,
32743604,PMC7386528,10.1101/2020.07.23.20160820,,,,1,,
32743603,PMC7386527,10.1101/2020.07.20.20155507,,,,1,,
32743602,PMC7386526,10.1101/2020.07.19.20157305,,,,1,,
32743601,PMC7386525,10.1101/2020.07.24.20161547,,,,1,,
32743600,PMC7386524,10.1101/2020.07.18.20155374,,,,1,,
32743598,PMC7386522,10.1101/2020.07.23.20161208,,,,1,,
32743594,PMC7386518,10.1101/2020.07.20.20157503,,,,1,,
32743593,PMC7386517,10.1101/2020.07.19.20157248,,,,1,,
32699851,PMC7373132,10.1101/2020.07.13.201277,,,,1,,
32699848,PMC7373128,10.1101/2020.07.15.203489,,,,1,,
32699853,PMC7373134,10.1101/2020.07.14.201616,,,,1,,
32699852,PMC7373133,10.1101/2020.07.12.199588,,,,1,,
32699850,PMC7373131,10.1101/2020.07.14.203414,,,,1,,
32699849,PMC7373130,10.1101/2020.07.13.201517,,,,1,,
32699847,PMC7373127,10.1101/2020.07.14.202549,,,,1,,
32699861,PMC7373150,10.1101/2020.07.12.20151068,,,,1,,
32699859,PMC7373148,10.1101/2020.07.12.20151696,,,,1,,
32699857,PMC7373145,10.1101/2020.07.05.20146043,,,,1,,
32699855,PMC7373142,10.1101/2020.07.13.20152207,,,,1,,
32699862,PMC7373151,10.1101/2020.07.13.20153114,,,,1,,
32699860,PMC7373149,10.1101/2020.07.13.20152678,,,,1,,
32699858,PMC7373146,10.1101/2020.07.11.20151563,,,,1,,
32699856,PMC7373144,10.1101/2020.07.12.20151936,,,,1,,
32699854,PMC7373141,10.1101/2020.07.10.20150714,,,,1,,
32676608,PMC7359533,10.1101/2020.07.04.20145870,,,,1,,
32676612,PMC7359537,10.1101/2020.07.04.20142752,,,,1,,
32676607,PMC7359531,10.1101/2020.07.08.194084,,,,1,,
32676604,PMC7359526,10.1101/2020.07.08.191072,,,,1,,
32676603,PMC7359525,10.1101/2020.07.06.190066,,,,1,,
32676600,PMC7359522,10.1101/2020.07.09.196188,,,,1,,
32676599,PMC7359521,10.1101/2020.07.06.190348,,,,1,,
32676597,PMC7359519,10.1101/2020.07.09.196386,,,,1,,
32676596,PMC7359518,10.1101/2020.06.11.147496,,,,1,,
32676594,PMC7359516,10.1101/2020.07.06.182972,,,,1,,
32676591,PMC7359513,10.1101/2020.07.06.190413,,,,1,,
32676606,PMC7359530,10.1101/2020.07.07.191007,,,,1,,
32676605,PMC7359528,10.1101/2020.07.07.190546,,,,1,,
32676602,PMC7359524,10.1101/2020.07.09.194027,,,,1,,
32676601,PMC7359523,10.1101/2020.07.06.190207,,,,1,,
32676598,PMC7359520,10.1101/2020.07.10.197079,,,,1,,
32676595,PMC7359517,10.1101/2020.07.05.187344,,,,1,,
32676593,PMC7359515,10.1101/2020.07.08.194456,,,,1,,
32676592,PMC7359514,10.1101/2020.07.09.194563,,,,1,,
32676621,PMC7359546,10.1101/2020.07.07.20148551,,,,1,,
32676620,PMC7359545,10.1101/2020.07.09.20149104,,,,1,,
32676619,PMC7359544,10.1101/2020.07.10.20150813,,,,1,,
32676615,PMC7359540,10.1101/2020.07.07.20148510,,,,1,,
32676613,PMC7359538,10.1101/2020.07.06.20147223,,,,1,,
32676610,PMC7359535,10.1101/2020.07.06.20120386,,,,1,,
32676624,PMC7359549,10.1101/2020.07.10.20147777,,,,1,,
32676623,PMC7359548,10.1101/2020.07.08.20149179,,,,1,,
32676622,PMC7359547,10.1101/2020.07.10.20150797,,,,1,,
32676618,PMC7359543,10.1101/2020.07.08.20147371,,,,1,,
32676617,PMC7359542,10.1101/2020.07.07.20148106,,,,1,,
32676616,PMC7359541,10.1101/2020.07.09.20149849,,,,1,,
32676614,PMC7359539,10.1101/2020.07.06.20147702,,,,1,,
32676611,PMC7359536,10.1101/2020.05.01.20088047,,,,1,,
32676609,PMC7359534,10.1101/2020.07.06.20140285,,,,1,,
32637957,PMC7337387,10.1101/2020.07.01.183236,,,,1,,
32637945,PMC7337375,10.1101/2020.07.01.183020,,,,1,,
32637963,PMC7337393,10.1101/2020.06.27.175430,,,,1,,
32637962,PMC7337392,10.1101/2020.06.27.175448,,,,1,,
32637961,PMC7337391,10.1101/2020.07.01.182964,,,,1,,
32637960,PMC7337390,10.1101/2020.06.30.180380,,,,1,,
32637958,PMC7337388,10.1101/2020.07.04.187989,,,,1,,
32637956,PMC7337386,10.1101/2020.06.29.178889,,,,1,,
32637955,PMC7337385,10.1101/2020.07.02.184481,,,,1,,
32637953,PMC7337383,10.1101/2020.06.30.178897,,,,1,,
32637952,PMC7337382,10.1101/2020.06.30.181305,,,,1,,
32637950,PMC7337380,10.1101/2020.07.04.187435,,,,1,,
32637949,PMC7337379,10.1101/2020.05.05.079061,,,,1,,
32637947,PMC7337377,10.1101/2020.07.01.182659,,,,1,,
32637943,PMC7337373,10.1101/2020.06.28.176248,,,,1,,
32637965,PMC7337395,10.1101/2020.05.14.093583,,,,1,,
32637964,PMC7337394,10.1101/2020.06.30.175695,,,,1,,
32637959,PMC7337389,10.1101/2020.06.26.173765,,,,1,,
32637954,PMC7337384,10.1101/2020.06.29.178459,,,,1,,
32637951,PMC7337381,10.1101/2020.06.22.165936,,,,1,,
32637948,PMC7337378,10.1101/2020.07.01.182709,,,,1,,
32637946,PMC7337376,10.1101/2020.06.29.174623,,,,1,,
32637944,PMC7337374,10.1101/2020.07.04.187757,,,,1,,
32637980,PMC7340206,10.1101/2020.06.29.20142703,,,,1,,
32637977,PMC7340203,10.1101/2020.07.03.20145581,,,,1,,
32637976,PMC7340202,10.1101/2020.05.03.20089698,,,,1,,
32637975,PMC7340201,10.1101/2020.06.30.20143560,,,,1,,
32637970,PMC7340196,10.1101/2020.07.01.20144188,,,,1,,
32637969,PMC7340195,10.1101/2020.07.02.20144964,,,,1,,
32637968,PMC7340194,10.1101/2020.06.29.20140376,,,,1,,
32637967,PMC7340193,10.1101/2020.05.01.20088237,,,,1,,
32637966,PMC7340192,10.1101/2020.06.30.20143115,,,,1,,
32637979,PMC7340205,10.1101/2020.06.29.20140111,,,,1,,
32637978,PMC7340204,10.1101/2020.07.02.20144543,,,,1,,
32637974,PMC7340200,10.1101/2020.06.29.20143156,,,,1,,
32637973,PMC7340199,10.1101/2020.07.02.20145284,,,,1,,
32637972,PMC7340198,10.1101/2020.07.02.20145185,,,,1,,
32637971,PMC7340197,10.1101/2020.07.01.20144162,,,,1,,
32607506,PMC7325172,10.1101/2020.06.22.165803,,,,1,,
32607512,PMC7325285,10.1101/2020.06.20.163097,,,,1,,
32607509,PMC7325175,10.1101/2020.06.23.168252,,,,1,,
32607508,PMC7325174,10.1101/2020.06.26.174698,,,,1,,
32607507,PMC7325173,10.1101/2020.06.19.154930,,,,1,,
32607511,PMC7325177,10.1101/2020.06.22.165712,,,,1,,
32607510,PMC7325176,10.1101/2020.06.22.165225,,,,1,,
32607526,PMC7325195,10.1101/2020.06.26.20141044,,,,1,,
32607525,PMC7325191,10.1101/2020.06.24.20129817,,,,1,,
32607524,PMC7325190,10.1101/2020.06.26.20141341,,,,1,,
32607522,PMC7325187,10.1101/2020.06.18.20134858,,,,1,,
32607521,PMC7325186,10.1101/2020.06.15.20117747,,,,1,,
32607519,PMC7325184,10.1101/2020.06.26.20139063,,,,1,,
32607517,PMC7325182,10.1101/2020.06.24.20139212,,,,1,,
32607516,PMC7325181,10.1101/2020.06.22.20136309,,,,1,,
32607514,PMC7325179,10.1101/2020.06.19.20135830,,,,1,,
32607523,PMC7325189,10.1101/2020.06.17.20134262,,,,1,,
32607520,PMC7325185,10.1101/2020.06.19.20135095,,,,1,,
32607518,PMC7325183,10.1101/2020.06.24.20139006,,,,1,,
32607515,PMC7325180,10.1101/2020.06.26.20140814,,,,1,,
32607513,PMC7325178,10.1101/2020.06.25.20137323,,,,1,,
32596696,PMC7315997,10.1101/2020.06.22.166033,,,,1,,
32596694,PMC7315994,10.1101/2020.06.23.167544,,,,1,,
32596695,PMC7315996,10.1101/2020.06.22.165464,,,,1,,
32596697,PMC7315998,10.1101/2020.06.22.20137695,,,,1,,
32587971,PMC7310627,10.1101/2020.03.13.991083,,,,1,,
32587976,PMC7310636,10.1101/2020.06.17.156554,,,,1,,
32587974,PMC7310632,10.1101/2020.06.08.137331,,,,1,,
32587973,PMC7310631,10.1101/2020.06.12.148726,,,,1,,
32587970,PMC7310626,10.1101/2020.06.17.157982,,,,1,,
32587969,PMC7310625,10.1101/2020.06.14.151357,,,,1,,
32587968,PMC7310624,10.1101/2020.06.21.163410,,,,1,,
32587962,PMC7310617,10.1101/2020.06.16.153817,,,,1,,
32587960,PMC7310615,10.1101/2020.06.14.151381,,,,1,,
32587959,PMC7310614,10.1101/2020.06.15.153387,,,,1,,
32587977,PMC7310637,10.1101/2020.06.16.151555,,,,1,,
32587975,PMC7310634,10.1101/2020.06.17.153486,,,,1,,
32587972,PMC7310628,10.1101/2020.06.14.150607,,,,1,,
32587967,PMC7310623,10.1101/2020.06.15.153197,,,,1,,
32587966,PMC7310622,10.1101/2020.06.17.158121,,,,1,,
32587965,PMC7310621,10.1101/2020.06.11.147199,,,,1,,
32587964,PMC7310620,10.1101/2020.06.15.152157,,,,1,,
32587963,PMC7310619,10.1101/2020.06.12.148916,,,,1,,
32587961,PMC7310616,10.1101/2020.06.16.155267,,,,1,,
32587958,PMC7310612,10.1101/2020.06.15.150912,,,,1,,
32588005,PMC7310665,10.1101/2020.06.12.20129718,,,,1,,
32588004,PMC7310664,10.1101/2020.06.11.20128330,,,,1,,
32588001,PMC7310661,10.1101/2020.06.17.20134114,,,,1,,
32587999,PMC7310658,10.1101/2020.06.17.20106302,,,,1,,
32587998,PMC7310657,10.1101/2020.06.10.20127589,,,,1,,
32587997,PMC7310656,10.1101/2020.04.18.20070821,,,,1,,
32587994,PMC7310652,10.1101/2020.06.14.20131128,,,,1,,
32587992,PMC7310650,10.1101/2020.06.15.20131607,,,,1,,
32587990,PMC7310648,10.1101/2020.06.12.20130021,,,,1,,
32587988,PMC7310646,10.1101/2020.06.10.20127845,,,,1,,
32587986,PMC7310644,10.1101/2020.06.11.20128702,,,,1,,
32587985,PMC7310643,10.1101/2020.06.14.20129957,,,,1,,
32587983,PMC7310641,10.1101/2020.06.08.20125369,,,,1,,
32587979,PMC7310633,10.1101/2020.06.15.20131870,,,,1,,
32587978,PMC7310630,10.1101/2020.06.12.20126391,,,,1,,
32588003,PMC7310663,10.1101/2020.06.16.20126425,,,,1,,
32588002,PMC7310662,10.1101/2020.06.16.20133025,,,,1,,
32588000,PMC7310660,10.1101/2020.06.16.20132902,,,,1,,
32587996,PMC7310654,10.1101/2020.06.13.20130120,,,,1,,
32587995,PMC7310653,10.1101/2020.05.25.20113043,,,,1,,
32587993,PMC7310651,10.1101/2020.06.15.20132134,,,,1,,
32587991,PMC7310649,10.1101/2020.06.12.20127944,,,,1,,
32587989,PMC7310647,10.1101/2020.06.09.20126946,,,,1,,
32587987,PMC7310645,10.1101/2020.06.09.20123836,,,,1,,
32587984,PMC7310642,10.1101/2020.06.13.20129841,,,,1,,
32587982,PMC7310640,10.1101/2020.06.11.20125849,,,,1,,
32587981,PMC7310639,10.1101/2020.06.12.20128736,,,,1,,
32587980,PMC7310638,10.1101/2020.06.11.20129072,,,,1,,
32577667,PMC7302217,10.1101/2020.06.09.20126516,,,,1,,
32577673,PMC7302228,10.1101/2020.06.09.20127092,,,,1,,
32577663,PMC7302219,10.1101/2020.06.08.138826,,,,1,,
32577658,PMC7302213,10.1101/2020.06.08.140871,,,,1,,
32577657,PMC7302212,10.1101/2020.05.28.118059,,,,1,,
32577656,PMC7302211,10.1101/2020.05.12.091983,,,,1,,
32577651,PMC7302205,10.1101/2020.05.31.116061,,,,1,,
32577650,PMC7302204,10.1101/2020.05.27.120105,,,,1,,
32577649,PMC7302203,10.1101/2020.05.27.117184,,,,1,,
32577648,PMC7302202,10.1101/2020.06.03.130591,,,,1,,
32577647,PMC7302201,10.1101/2020.05.27.118893,,,,1,,
32577645,PMC7302198,10.1101/2020.05.28.121533,,,,1,,
32577643,PMC7302196,10.1101/2020.06.09.134460,,,,1,,
32577642,PMC7302194,10.1101/2020.06.08.141267,,,,1,,
32577640,PMC7302192,10.1101/2020.06.02.131144,,,,1,,
32577639,PMC7302191,10.1101/2020.06.05.136887,,,,1,,
32577636,PMC7302186,10.1101/2020.06.05.136861,,,,1,,
32577633,PMC7301902,10.1101/2020.06.10.145144,,,,1,,
32577632,PMC7301901,10.1101/2020.06.16.154708,,,,1,,
32577631,PMC7301900,10.1101/2020.06.12.148692,,,,1,,
32577665,PMC7302222,10.1101/2020.06.05.134551,,,,1,,
32577664,PMC7302220,10.1101/2020.04.22.056127,,,,1,,
32577662,PMC7302218,10.1101/2020.06.08.138990,,,,1,,
32577661,PMC7302216,10.1101/2020.06.03.129817,,,,1,,
32577660,PMC7302215,10.1101/2020.05.30.125484,,,,1,,
32577659,PMC7302214,10.1101/2020.05.28.122366,,,,1,,
32577655,PMC7302210,10.1101/2020.05.26.117549,,,,1,,
32577654,PMC7302209,10.1101/2020.06.04.135004,,,,1,,
32577653,PMC7302208,10.1101/2020.06.09.141101,,,,1,,
32577652,PMC7302206,10.1101/2020.05.28.122291,,,,1,,
32577646,PMC7302200,10.1101/2020.06.09.142794,,,,1,,
32577644,PMC7302197,10.1101/2020.06.11.146522,,,,1,,
32577641,PMC7302193,10.1101/2020.06.02.130955,,,,1,,
32577638,PMC7302190,10.1101/2020.06.08.140236,,,,1,,
32577637,PMC7302189,10.1101/2020.06.08.140244,,,,1,,
32577635,PMC7302183,10.1101/2020.06.03.132639,,,,1,,
32577634,PMC7301911,10.1101/2020.06.11.145920,,,,1,,
32577703,PMC7302402,10.1101/2020.06.07.20124859,,,,1,,
32577701,PMC7302310,10.1101/2020.06.04.20112011,,,,1,,
32577699,PMC7302308,10.1101/2020.06.04.20122549,,,,1,,
32577695,PMC7302304,10.1101/2020.06.06.20123414,,,,1,,
32577694,PMC7302303,10.1101/2020.06.04.20109306,,,,1,,
32577693,PMC7302302,10.1101/2020.05.31.20118448,,,,1,,
32577692,PMC7302301,10.1101/2020.06.02.20120477,,,,1,,
32577690,PMC7302299,10.1101/2020.05.27.20114066,,,,1,,
32577689,PMC7302298,10.1101/2020.05.29.20100735,,,,1,,
32577687,PMC7302293,10.1101/2020.06.03.20121558,,,,1,,
32577685,PMC7302291,10.1101/2020.05.28.20115220,,,,1,,
32577682,PMC7302288,10.1101/2020.05.30.20118109,,,,1,,
32577679,PMC7302284,10.1101/2020.06.02.20120790,,,,1,,
32577677,PMC7302282,10.1101/2020.06.05.20123117,,,,1,,
32577676,PMC7302280,10.1101/2020.06.01.20118885,,,,1,,
32577675,PMC7302251,10.1101/2020.06.08.20124792,,,,1,,
32577674,PMC7302230,10.1101/2020.06.09.20126813,,,,1,,
32577671,PMC7302225,10.1101/2020.06.05.20123760,,,,1,,
32577669,PMC7302223,10.1101/2020.06.09.20127050,,,,1,,
32577704,PMC7302403,10.1101/2020.06.08.20124990,,,,1,,
32577702,PMC7302311,10.1101/2020.06.04.20122846,,,,1,,
32577700,PMC7302309,10.1101/2020.06.08.20125989,,,,1,,
32577698,PMC7302307,10.1101/2020.05.29.20065714,,,,1,,
32577697,PMC7302306,10.1101/2020.06.04.20121863,,,,1,,
32577696,PMC7302305,10.1101/2020.05.28.20105692,,,,1,,
32577691,PMC7302300,10.1101/2020.06.04.20121673,,,,1,,
32577688,PMC7302294,10.1101/2020.06.05.20123372,,,,1,,
32577686,PMC7302292,10.1101/2020.05.29.20110098,,,,1,,
32577684,PMC7302290,10.1101/2020.05.29.20117358,,,,1,,
32577683,PMC7302289,10.1101/2020.06.04.20122358,,,,1,,
32577681,PMC7302286,10.1101/2020.05.31.20118802,,,,1,,
32577680,PMC7302285,10.1101/2020.05.29.20086645,,,,1,,
32577678,PMC7302283,10.1101/2020.06.02.20120865,,,,1,,
32577672,PMC7302226,10.1101/2020.06.09.20125831,,,,1,,
32577670,PMC7302224,10.1101/2020.06.09.20125690,,,,1,,
32577668,PMC7302221,10.1101/2020.04.19.20069922,,,,1,,
32577666,PMC7302207,10.1101/2020.06.02.20120774,,,,1,,
32511305,PMC7217282,10.1101/2020.04.07.030734,,,,1,,
32511420,PMC7276055,10.1101/2020.06.04.135046,,,,1,,
32511419,PMC7268058,10.1101/2020.02.20.958272,,,,1,,
32511417,PMC7265689,10.1101/2020.05.28.121640,,,,1,,
32511412,PMC7263559,10.1101/2020.05.11.089375,,,,1,,
32511410,PMC7263557,10.1101/2020.04.20.051656,,,,1,,
32511409,PMC7263556,10.1101/2020.05.22.111005,,,,1,,
32511406,PMC7263553,10.1101/2020.05.06.081497,,,,1,,
32511405,PMC7263552,10.1101/2020.05.16.099317,,,,1,,
32511404,PMC7263551,10.1101/2020.05.10.087288,,,,1,,
32511403,PMC7263550,10.1101/2020.05.05.079095,,,,1,,
32511402,PMC7263549,10.1101/2020.04.21.051912,,,,1,,
32511401,PMC7263548,10.1101/2020.05.18.102038,,,,1,,
32511400,PMC7263547,10.1101/2020.05.14.096016,,,,1,,
32511399,PMC7263546,10.1101/2020.05.21.108035,,,,1,,
32511396,PMC7263543,10.1101/2020.05.15.096719,,,,1,,
32511395,PMC7263542,10.1101/2020.05.18.103184,,,,1,,
32511393,PMC7263540,10.1101/2020.05.09.086165,,,,1,,
32511388,PMC7263517,10.1101/2020.04.21.053017,,,,1,,
32511385,PMC7263514,10.1101/2020.05.15.098079,,,,1,,
32511381,PMC7263510,10.1101/2020.04.17.045161,,,,1,,
32511380,PMC7263509,10.1101/2020.05.15.098731,,,,1,,
32511379,PMC7263508,10.1101/2020.04.24.059527,,,,1,,
32511376,PMC7263505,10.1101/2020.04.17.047498,,,,1,,
32511375,PMC7263504,10.1101/2020.05.08.084806,,,,1,,
32511374,PMC7263503,10.1101/2020.05.21.109272,,,,1,,
32510524,PMC7263499,10.1101/2020.04.24.056259,,,,1,,
32511370,PMC7263498,10.1101/2020.05.23.112235,,,,1,,
32511368,PMC7263496,10.1101/2020.04.22.056283,,,,1,,
32511367,PMC7263495,10.1101/2020.04.27.064139,,,,1,,
32511366,PMC7263494,10.1101/2020.05.09.086249,,,,1,,
32511364,PMC7263492,10.1101/2020.05.22.111187,,,,1,,
32511363,PMC7263491,10.1101/2020.05.08.082701,,,,1,,
32511361,PMC7263489,10.1101/2020.05.12.091256,,,,1,,
32511355,PMC7259466,10.1101/2020.05.16.091520,,,,1,,
32511354,PMC7255795,10.1101/2020.04.07.023903,,,,1,,
32511351,PMC7255792,10.1101/2020.05.16.088989,,,,1,,
32511350,PMC7255791,10.1101/2020.04.21.042911,,,,1,,
32511349,PMC7255790,10.1101/2020.05.01.073387,,,,1,,
32511348,PMC7255785,10.1101/2020.03.20.000885,,,,1,,
32511347,PMC7255782,10.1101/2020.03.31.018978,,,,1,,
32511344,PMC7255774,10.1101/2020.02.05.936013,,,,1,,
32511338,PMC7241101,10.1101/2020.05.14.096727,,,,1,,
32511336,PMC7239077,10.1101/2020.03.26.010322,,,,1,,
32511333,PMC7239068,10.1101/2020.03.20.000141,,,,1,,
32511331,PMC7239066,10.1101/2020.03.29.008631,,,,1,,
32511327,PMC7239057,10.1101/2020.04.02.022764,,,,1,,
32511321,PMC7239051,10.1101/2020.03.16.994236,,,,1,,
32511319,PMC7239049,10.1101/2020.04.15.043166,,,,1,,
32511318,PMC7239047,10.1101/2020.03.24.005900,,,,1,,
32511317,PMC7239046,10.1101/2020.03.15.993097,,,,1,,
32511316,PMC7239045,10.1101/2020.03.02.972935,,,,1,,
32511313,PMC7217301,10.1101/2020.04.01.019877,,,,1,,
32511311,PMC7217298,10.1101/2020.02.10.942185,,,,1,,
32511309,PMC7217295,10.1101/2020.01.31.928796,,,,1,,
32511308,PMC7217289,10.1101/2020.01.30.927889,,,,1,,
32511307,PMC7217288,10.1101/2020.04.07.030445,,,,1,,
32511306,PMC7217285,10.1101/2020.03.27.012906,,,,1,,
32511303,PMC7217258,10.1101/2020.04.17.047480,,,,1,,
32511302,PMC7217240,10.1101/2020.04.15.043364,,,,1,,
32511299,PMC7217148,10.1101/2020.03.21.001628,,,,1,,
32511293,PMC7217085,10.1101/2020.04.15.20066431,,,,1,,
32511418,PMC7265690,10.1101/2020.05.27.120204,,,,1,,
32511416,PMC7265688,10.1101/2020.05.21.109322,,,,1,,
32511415,PMC7265687,10.1101/2020.05.28.119131,,,,1,,
32511414,PMC7263562,10.1101/2020.05.12.091462,,,,1,,
32511413,PMC7263560,10.1101/2020.05.13.093088,,,,1,,
32511411,PMC7263558,10.1101/2020.04.29.068890,,,,1,,
32511408,PMC7263555,10.1101/2020.05.15.097493,,,,1,,
32511407,PMC7263554,10.1101/2020.05.06.074039,,,,1,,
32511398,PMC7263545,10.1101/2020.04.21.053058,,,,1,,
32511397,PMC7263544,10.1101/2020.05.15.098616,,,,1,,
32511394,PMC7263541,10.1101/2020.05.18.101717,,,,1,,
32511392,PMC7263539,10.1101/2020.04.27.064279,,,,1,,
32511391,PMC7263520,10.1101/2020.05.04.075291,,,,1,,
32511390,PMC7263519,10.1101/2020.05.08.084996,,,,1,,
32511389,PMC7263518,10.1101/2020.05.20.103325,,,,1,,
32511387,PMC7263516,10.1101/2020.05.11.088674,,,,1,,
32511386,PMC7263515,10.1101/2020.05.21.109546,,,,1,,
32511384,PMC7263513,10.1101/2020.05.13.092619,,,,1,,
32511383,PMC7263512,10.1101/2020.04.26.061705,,,,1,,
32511382,PMC7263511,10.1101/2020.05.06.081695,,,,1,,
32511378,PMC7263507,10.1101/2020.04.20.051581,,,,1,,
32511377,PMC7263506,10.1101/2020.05.17.100289,,,,1,,
32511373,PMC7263502,10.1101/2020.04.28.065201,,,,1,,
32511372,PMC7263501,10.1101/2020.05.16.099788,,,,1,,
32511371,PMC7263500,10.1101/2020.05.20.106401,,,,1,,
32511369,PMC7263497,10.1101/2020.05.22.111518,,,,1,,
32511365,PMC7263493,10.1101/2020.05.20.105247,,,,1,,
32511362,PMC7263490,10.1101/2020.05.12.091090,,,,1,,
32511360,PMC7263488,10.1101/2020.05.12.091082,,,,1,,
32511359,PMC7263487,10.1101/2020.05.17.100685,,,,1,,
32511358,PMC7263486,10.1101/2020.05.21.108381,,,,1,,
32511357,PMC7263415,10.1101/2020.04.16.044016,,,,1,,
32511356,PMC7263403,10.1101/2020.04.16.045302,,,,1,,
32511353,PMC7255794,10.1101/2020.03.23.004176,,,,1,,
32511352,PMC7255793,10.1101/2020.04.20.048066,,,,1,,
32511346,PMC7255781,10.1101/2020.03.03.972133,,,,1,,
32511345,PMC7255780,10.1101/2020.03.05.979260,,,,1,,
32511343,PMC7252579,10.1101/2020.05.18.102087,,,,1,,
32511342,PMC7241105,10.1101/2020.05.12.091298,,,,1,,
32511341,PMC7241104,10.1101/2020.05.13.092536,,,,1,,
32511340,PMC7241103,10.1101/2020.05.13.093195,,,,1,,
32511339,PMC7241102,10.1101/2020.05.14.095885,,,,1,,
32511337,PMC7241100,10.1101/2020.05.15.096511,,,,1,,
32511335,PMC7239075,10.1101/2020.03.07.982264,,,,1,,
32511334,PMC7239069,10.1101/2020.03.25.008904,,,,1,,
32511332,PMC7239067,10.1101/2020.04.24.057323,,,,1,,
32511330,PMC7239060,10.1101/2020.04.09.034967,,,,1,,
32511329,PMC7239059,10.1101/2020.03.22.002386,,,,1,,
32511328,PMC7239058,10.1101/2020.03.20.001008,,,,1,,
32511326,PMC7239056,10.1101/2020.04.09.034454,,,,1,,
32511325,PMC7239055,10.1101/2020.03.30.016931,,,,1,,
32511324,PMC7239054,10.1101/2020.03.24.006544,,,,1,,
32511323,PMC7239053,10.1101/2020.03.19.998724,,,,1,,
32511322,PMC7239052,10.1101/2020.04.02.019075,,,,1,,
32511320,PMC7239050,10.1101/2020.03.18.997585,,,,1,,
32511315,PMC7239044,10.1101/2020.05.11.089045,,,,1,,
32511314,PMC7238725,10.1101/2020.02.04.933135,,,,1,,
32511312,PMC7217300,10.1101/2020.02.29.971101,,,,1,,
32511310,PMC7217297,10.1101/2020.02.07.939207,,,,1,,
32511304,PMC7217262,10.1101/2020.02.10.942748,,,,1,,
32511301,PMC7217234,10.1101/2020.04.05.026450,,,,1,,
32511300,PMC7217226,10.1101/2020.03.30.016832,,,,1,,
32511298,PMC7217142,10.1101/2020.03.15.992883,,,,1,,
32511297,PMC7217140,10.1101/2020.03.04.977736,,,,1,,
32511296,PMC7217139,10.1101/2020.03.02.968818,,,,1,,
32511295,PMC7217118,10.1101/2020.02.11.944462,,,,1,,
32511294,PMC7217099,10.1101/2020.01.22.915660,,,,1,,
32511661,PMC7277017,10.1101/2020.04.30.20086652,,,,1,,
32511660,PMC7277016,10.1101/2020.04.09.20059204,,,,1,,
32511659,PMC7277015,10.1101/2020.04.10.20060863,,,,1,,
32511655,PMC7277011,10.1101/2020.04.19.20062117,,,,1,,
32511652,PMC7277008,10.1101/2020.04.23.20074310,,,,1,,
32511650,PMC7277006,10.1101/2020.04.24.20079012,,,,1,,
32511649,PMC7277005,10.1101/2020.04.03.20050195,,,,1,,
32511648,PMC7277004,10.1101/2020.03.23.20041814,,,,1,,
32511647,PMC7277003,10.1101/2020.04.26.20079756,,,,1,,
32511643,PMC7276999,10.1101/2020.04.08.20057067,,,,1,,
32511642,PMC7276998,10.1101/2020.04.27.20082107,,,,1,,
32511641,PMC7276997,10.1101/2020.04.04.20047886,,,,1,,
32511640,PMC7276996,10.1101/2020.04.22.20075416,,,,1,,
32511639,PMC7276995,10.1101/2020.04.17.20069930,,,,1,,
32511637,PMC7276993,10.1101/2020.04.29.20085233,,,,1,,
32511635,PMC7276991,10.1101/2020.04.29.20083717,,,,1,,
32511630,PMC7276058,10.1101/2020.03.25.20043828,,,,1,,
32511624,PMC7276051,10.1101/2020.04.20.20073338,,,,1,,
32511623,PMC7276050,10.1101/2020.03.26.20044263,,,,1,,
32511622,PMC7276049,10.1101/2020.04.16.20065920,,,,1,,
32511621,PMC7276048,10.1101/2020.04.19.20065219,,,,1,,
32511620,PMC7276047,10.1101/2020.03.22.20041145,,,,1,,
32511619,PMC7276046,10.1101/2020.04.04.20050427,,,,1,,
32511618,PMC7276045,10.1101/2020.04.27.20077016,,,,1,,
32511615,PMC7276042,10.1101/2020.03.02.20029868,,,,1,,
32511614,PMC7276041,10.1101/2020.04.29.20066506,,,,1,,
32511611,PMC7276038,10.1101/2020.04.15.20066746,,,,1,,
32511609,PMC7276036,10.1101/2020.04.14.20059501,,,,1,,
32511608,PMC7276035,10.1101/2020.04.19.20069948,,,,1,,
32511605,PMC7276032,10.1101/2020.04.01.20049767,,,,1,,
32511603,PMC7276030,10.1101/2020.04.08.20058719,,,,1,,
32511599,PMC7276026,10.1101/2020.04.23.20076737,,,,1,,
32511595,PMC7276022,10.1101/2020.04.09.20059964,,,,1,,
32511594,PMC7276021,10.1101/2020.04.22.20075762,,,,1,,
32511593,PMC7276020,10.1101/2020.04.29.20085514,,,,1,,
32511592,PMC7276019,10.1101/2020.04.29.20085456,,,,1,,
32511591,PMC7276018,10.1101/2020.04.17.20069641,,,,1,,
32511590,PMC7276017,10.1101/2020.04.11.20056010,,,,1,,
32511582,PMC7276009,10.1101/2020.03.30.20047993,,,,1,,
32511581,PMC7276008,10.1101/2020.04.03.20051706,,,,1,,
32511580,PMC7276007,10.1101/2020.04.08.20057661,,,,1,,
32511579,PMC7276006,10.1101/2020.03.27.20044925,,,,1,,
32511578,PMC7276005,10.1101/2020.04.21.20073890,,,,1,,
32511576,PMC7276003,10.1101/2020.03.20.20039602,,,,1,,
32511573,PMC7274254,10.1101/2020.05.13.20100925,,,,1,,
32511572,PMC7274253,10.1101/2020.05.06.20093377,,,,1,,
32511570,PMC7274251,10.1101/2020.05.20.20108159,,,,1,,
32511569,PMC7274250,10.1101/2020.05.29.20117184,,,,1,,
32511567,PMC7274248,10.1101/2020.05.07.20091769,,,,1,,
32511566,PMC7274247,10.1101/2020.05.12.20099879,,,,1,,
32511565,PMC7274246,10.1101/2020.05.03.20084442,,,,1,,
32511562,PMC7274243,10.1101/2020.05.28.20115758,,,,1,,
32511561,PMC7274242,10.1101/2020.05.14.20102038,,,,1,,
32511555,PMC7274236,10.1101/2020.05.28.20116301,,,,1,,
32511553,PMC7274234,10.1101/2020.04.30.20086736,,,,1,,
32511551,PMC7274232,10.1101/2020.05.11.20098228,,,,1,,
32511549,PMC7274230,10.1101/2020.05.08.20095893,,,,1,,
32511548,PMC7274229,10.1101/2020.05.01.20087130,,,,1,,
32511547,PMC7274228,10.1101/2020.05.17.20104604,,,,1,,
32511546,PMC7274227,10.1101/2020.05.13.20100198,,,,1,,
32511542,PMC7274223,10.1101/2020.05.03.20089151,,,,1,,
32511539,PMC7274215,10.1101/2020.05.02.20088872,,,,1,,
32511537,PMC7273305,10.1101/2020.05.24.20112300,,,,1,,
32511536,PMC7273304,10.1101/2020.05.06.20092841,,,,1,,
32511533,PMC7273301,10.1101/2020.05.01.20088054,,,,1,,
32511531,PMC7273299,10.1101/2020.04.29.20084111,,,,1,,
32511527,PMC7273295,10.1101/2020.05.18.20105494,,,,1,,
32511526,PMC7273294,10.1101/2020.05.15.20103655,,,,1,,
32511523,PMC7273291,10.1101/2020.04.30.20087015,,,,1,,
32511522,PMC7273290,10.1101/2020.05.28.20115899,,,,1,,
32511521,PMC7273289,10.1101/2020.05.04.20091231,,,,1,,
32511518,PMC7273286,10.1101/2020.05.13.20098186,,,,1,,
32511516,PMC7273284,10.1101/2020.05.08.20092866,,,,1,,
32511515,PMC7273283,10.1101/2020.05.21.20051300,,,,1,,
32511514,PMC7273282,10.1101/2020.05.13.20087734,,,,1,,
32511513,PMC7273281,10.1101/2020.05.04.20090092,,,,1,,
32511511,PMC7273279,10.1101/2020.05.23.20111435,,,,1,,
32511508,PMC7273276,10.1101/2020.05.07.20093542,,,,1,,
32511506,PMC7273274,10.1101/2020.05.27.20114652,,,,1,,
32511499,PMC7273267,10.1101/2020.05.10.20097535,,,,1,,
32511498,PMC7273266,10.1101/2020.05.09.20096438,,,,1,,
32511492,PMC7273260,10.1101/2020.05.05.20083436,,,,1,,
32511491,PMC7273259,10.1101/2020.04.14.20065094,,,,1,,
32511490,PMC7273258,10.1101/2020.05.28.20115642,,,,1,,
32511487,PMC7273255,10.1101/2020.05.01.20086801,,,,1,,
32511484,PMC7273252,10.1101/2020.05.10.20096073,,,,1,,
32511483,PMC7273251,10.1101/2020.05.26.20114124,,,,1,,
32511479,PMC7273247,10.1101/2020.05.03.20089524,,,,1,,
32511478,PMC7273246,10.1101/2020.05.16.20098657,,,,1,,
32511477,PMC7273245,10.1101/2020.05.19.20107482,,,,1,,
32511475,PMC7273243,10.1101/2020.05.05.20092361,,,,1,,
32511472,PMC7265693,10.1101/2020.05.21.20109280,,,,1,,
32511471,PMC7265692,10.1101/2020.05.21.20109074,,,,1,,
32511469,PMC7255789,10.1101/2020.04.30.20086264,,,,1,,
32511467,PMC7255787,10.1101/2020.04.23.20076885,,,,1,,
32511466,PMC7255786,10.1101/2020.02.20.20025882,,,,1,,
32511465,PMC7255784,10.1101/2020.03.04.20030395,,,,1,,
32511464,PMC7255783,10.1101/2020.03.13.20035618,,,,1,,
32511463,PMC7252581,10.1101/2020.05.15.20103341,,,,1,,
32511462,PMC7241119,10.1101/2020.05.05.20091975,,,,1,,
32511461,PMC7241118,10.1101/2020.05.09.20096511,,,,1,,
32511460,PMC7241106,10.1101/2020.04.30.20081257,,,,1,,
32511459,PMC7239087,10.1101/2020.03.10.20033761,,,,1,,
32511458,PMC7239086,10.1101/2020.02.04.20020495,,,,1,,
32511455,PMC7239083,10.1101/2020.03.19.20039404,,,,1,,
32511454,PMC7239082,10.1101/2020.02.19.20025452,,,,1,,
32511449,PMC7239074,10.1101/2020.03.06.20032334,,,,1,,
32511448,PMC7239073,10.1101/2020.05.04.20090803,,,,1,,
32511447,PMC7239072,10.1101/2020.03.09.20033241,,,,1,,
32511443,PMC7239064,10.1101/2020.04.22.20074336,,,,1,,
32511440,PMC7239061,10.1101/2020.03.05.20031088,,,,1,,
32511439,PMC7239048,10.1101/2020.02.14.20023127,,,,1,,
32511437,PMC7217093,10.1101/2020.04.10.20060962,,,,1,,
32511436,PMC7217090,10.1101/2020.02.21.20026435,,,,1,,
32511434,PMC7217088,10.1101/2020.04.14.20065771,,,,1,,
32511432,PMC7217083,10.1101/2020.04.11.20062018,,,,1,,
32511431,PMC7217082,10.1101/2020.04.07.20056812,,,,1,,
32511429,PMC7217070,10.1101/2020.03.27.20045815,,,,1,,
32511428,PMC7217069,10.1101/2020.03.19.20039107,,,,1,,
32511427,PMC7217062,10.1101/2020.03.09.20033217,,,,1,,
32511425,PMC7217011,10.1101/2020.03.04.20031005,,,,1,,
32511658,PMC7277014,10.1101/2020.04.20.20072702,,,,1,,
32511657,PMC7277013,10.1101/2020.04.28.20083691,,,,1,,
32511656,PMC7277012,10.1101/2020.05.02.20084673,,,,1,,
32511654,PMC7277010,10.1101/2020.03.30.20047852,,,,1,,
32511653,PMC7277009,10.1101/2020.04.24.20078204,,,,1,,
32511651,PMC7277007,10.1101/2020.04.05.20054502,,,,1,,
32511646,PMC7277002,10.1101/2020.04.19.20071944,,,,1,,
32511645,PMC7277001,10.1101/2020.04.13.20063669,,,,1,,
32511644,PMC7277000,10.1101/2020.04.20.20073080,,,,1,,
32511638,PMC7276994,10.1101/2020.04.15.20067157,,,,1,,
32511636,PMC7276992,10.1101/2020.04.29.20085738,,,,1,,
32511634,PMC7276990,10.1101/2020.04.23.20076935,,,,1,,
32511633,PMC7276989,10.1101/2020.04.09.20059626,,,,1,,
32511632,PMC7276060,10.1101/2020.04.17.20057125,,,,1,,
32511631,PMC7276059,10.1101/2020.02.04.20020479,,,,1,,
32511629,PMC7276057,10.1101/2020.05.30.20117788,,,,1,,
32511628,PMC7276056,10.1101/2020.06.04.20122044,,,,1,,
32511627,PMC7276054,10.1101/2020.03.21.20040261,,,,1,,
32511626,PMC7276053,10.1101/2020.04.04.20052696,,,,1,,
32511625,PMC7276052,10.1101/2020.04.19.20070995,,,,1,,
32511617,PMC7276044,10.1101/2020.04.04.20053629,,,,1,,
32511616,PMC7276043,10.1101/2020.04.23.20075796,,,,1,,
32511613,PMC7276040,10.1101/2020.03.23.20038331,,,,1,,
32511612,PMC7276039,10.1101/2020.04.11.20061960,,,,1,,
32511610,PMC7276037,10.1101/2020.04.08.20058248,,,,1,,
32511607,PMC7276034,10.1101/2020.04.16.20068411,,,,1,,
32511606,PMC7276033,10.1101/2020.04.28.20083279,,,,1,,
32511604,PMC7276031,10.1101/2020.04.15.20064485,,,,1,,
32511602,PMC7276029,10.1101/2020.03.26.20044750,,,,1,,
32511601,PMC7276028,10.1101/2020.03.03.20029843,,,,1,,
32511600,PMC7276027,10.1101/2020.04.20.20072470,,,,1,,
32511598,PMC7276025,10.1101/2020.04.26.20075937,,,,1,,
32511597,PMC7276024,10.1101/2020.04.29.20082065,,,,1,,
32511596,PMC7276023,10.1101/2020.04.02.20051417,,,,1,,
32511589,PMC7276016,10.1101/2020.05.05.20075507,,,,1,,
32511588,PMC7276015,10.1101/2020.04.23.20077545,,,,1,,
32511587,PMC7276014,10.1101/2020.04.15.20064931,,,,1,,
32511586,PMC7276013,10.1101/2020.04.08.20058073,,,,1,,
32511585,PMC7276012,10.1101/2020.03.13.20035568,,,,1,,
32511584,PMC7276011,10.1101/2020.04.01.20050492,,,,1,,
32511583,PMC7276010,10.1101/2020.05.03.20089078,,,,1,,
32511577,PMC7276004,10.1101/2020.04.22.20076117,,,,1,,
32511575,PMC7276002,10.1101/2020.03.26.20044693,,,,1,,
32511574,PMC7274255,10.1101/2020.05.08.20095471,,,,1,,
32511571,PMC7274252,10.1101/2020.05.14.20102491,,,,1,,
32511568,PMC7274249,10.1101/2020.05.28.20115949,,,,1,,
32511564,PMC7274245,10.1101/2020.05.04.20090944,,,,1,,
32511563,PMC7274244,10.1101/2020.05.07.20083386,,,,1,,
32511560,PMC7274241,10.1101/2020.05.05.20092379,,,,1,,
32511559,PMC7274240,10.1101/2020.04.12.20062661,,,,1,,
32511558,PMC7274239,10.1101/2020.05.19.20107144,,,,1,,
32511557,PMC7274238,10.1101/2020.05.21.20109116,,,,1,,
32511556,PMC7274237,10.1101/2020.05.11.20097980,,,,1,,
32511554,PMC7274235,10.1101/2020.05.20.20104398,,,,1,,
32511552,PMC7274233,10.1101/2020.05.12.20073577,,,,1,,
32511550,PMC7274231,10.1101/2020.05.08.20093229,,,,1,,
32511545,PMC7274226,10.1101/2020.05.16.20103408,,,,1,,
32511544,PMC7274225,10.1101/2020.05.01.20087429,,,,1,,
32511543,PMC7274224,10.1101/2020.05.28.20115667,,,,1,,
32511541,PMC7274222,10.1101/2020.05.04.20086322,,,,1,,
32511540,PMC7274221,10.1101/2020.05.06.20093070,,,,1,,
32511538,PMC7273306,10.1101/2020.05.27.20114090,,,,1,,
32511535,PMC7273303,10.1101/2020.04.08.20058313,,,,1,,
32511534,PMC7273302,10.1101/2020.03.09.20033530,,,,1,,
32511532,PMC7273300,10.1101/2020.05.03.20086819,,,,1,,
32511530,PMC7273298,10.1101/2020.05.26.20114058,,,,1,,
32511529,PMC7273297,10.1101/2020.05.29.20116004,,,,1,,
32511528,PMC7273296,10.1101/2020.05.21.20109397,,,,1,,
32511525,PMC7273293,10.1101/2020.04.29.20085506,,,,1,,
32511524,PMC7273292,10.1101/2020.05.12.20099135,,,,1,,
32511520,PMC7273288,10.1101/2020.05.19.20103036,,,,1,,
32511519,PMC7273287,10.1101/2020.04.24.20078576,,,,1,,
32511517,PMC7273285,10.1101/2020.04.30.20077594,,,,1,,
32511512,PMC7273280,10.1101/2020.04.16.20067306,,,,1,,
32511510,PMC7273278,10.1101/2020.05.09.20096560,,,,1,,
32511509,PMC7273277,10.1101/2020.05.03.20089920,,,,1,,
32511507,PMC7273275,10.1101/2020.04.20.20072116,,,,1,,
32511505,PMC7273273,10.1101/2020.05.29.20116376,,,,1,,
32511504,PMC7273272,10.1101/2020.05.15.20103226,,,,1,,
32511503,PMC7273271,10.1101/2020.05.19.20106344,,,,1,,
32511502,PMC7273270,10.1101/2020.05.08.20031666,,,,1,,
32511501,PMC7273269,10.1101/2020.05.17.20101915,,,,1,,
32511500,PMC7273268,10.1101/2020.05.25.20112433,,,,1,,
32511497,PMC7273265,10.1101/2020.04.25.20074856,,,,1,,
32511496,PMC7273264,10.1101/2020.04.28.20083865,,,,1,,
32511495,PMC7273263,10.1101/2020.05.08.20095505,,,,1,,
32511494,PMC7273262,10.1101/2020.05.05.20092452,,,,1,,
32511493,PMC7273261,10.1101/2020.05.04.20090746,,,,1,,
32511489,PMC7273257,10.1101/2020.05.03.20089813,,,,1,,
32511488,PMC7273256,10.1101/2020.05.02.20082461,,,,1,,
32511486,PMC7273254,10.1101/2020.05.15.20096552,,,,1,,
32511485,PMC7273253,10.1101/2020.05.02.20088765,,,,1,,
32511482,PMC7273250,10.1101/2020.05.29.20116426,,,,1,,
32511481,PMC7273249,10.1101/2020.05.17.20104943,,,,1,,
32511480,PMC7273248,10.1101/2020.04.19.20069997,,,,1,,
32511476,PMC7273244,10.1101/2020.05.18.20105171,,,,1,,
32511474,PMC7273242,10.1101/2020.05.04.20090845,,,,1,,
32511473,PMC7265694,10.1101/2020.05.21.20108738,,,,1,,
32511470,PMC7265691,10.1101/2020.05.27.20115303,,,,1,,
32511468,PMC7255788,10.1101/2020.05.05.20091553,,,,1,,
32511457,PMC7239085,10.1101/2020.01.28.20019299,,,,1,,
32511456,PMC7239084,10.1101/2020.03.09.20033514,,,,1,,
32511453,PMC7239081,10.1101/2020.04.23.20074708,,,,1,,
32511452,PMC7239080,10.1101/2020.03.02.20026708,,,,1,,
32511451,PMC7239079,10.1101/2020.04.27.20081893,,,,1,,
32510525,PMC7239078,10.1101/2020.04.29.20083485,,,,1,,
32511450,PMC7239076,10.1101/2020.03.10.20033522,,,,1,,
32511446,PMC7239071,10.1101/2020.03.16.20037176,,,,1,,
32511445,PMC7239070,10.1101/2020.04.20.20071423,,,,1,,
32511444,PMC7239065,10.1101/2020.03.13.20035238,,,,1,,
32511442,PMC7239063,10.1101/2020.02.13.20022707,,,,1,,
32511441,PMC7239062,10.1101/2020.03.17.20037713,,,,1,,
32511438,PMC7217095,10.1101/2020.04.11.20060749,,,,1,,
32511435,PMC7217089,10.1101/2020.04.13.20063776,,,,1,,
32511433,PMC7217084,10.1101/2020.04.13.20063784,,,,1,,
32511430,PMC7217076,10.1101/2020.04.02.20051177,,,,1,,
32511426,PMC7217033,10.1101/2020.03.06.20032417,,,,1,,
32511424,PMC7216959,10.1101/2020.02.21.20026328,,,,1,,
32511423,PMC7216908,10.1101/2020.02.09.20021261,,,,1,,
32511422,PMC7216848,10.1101/2020.01.28.20019224,,,,1,,
32511421,PMC7216847,10.1101/2020.02.05.20020750,,,,1,,
